geo;indicator;1753;1758;1763;1768;1773;1776;1777;1778;1779;1780;1781;1782;1783;1784;1785;1786;1787;1788;1789;1790;1791;1792;1793;1794;1795;1796;1797;1798;1799;1800;1801;1802;1803;1804;1805;1806;1807;1808;1809;1810;1811;1812;1813;1814;1815;1816;1817;1818;1819;1820;1821;1822;1823;1824;1825;1826;1827;1828;1829;1830;1831;1832;1833;1834;1835;1836;1837;1838;1839;1840;1841;1842;1843;1844;1845;1846;1847;1848;1849;1850;1851;1852;1853;1854;1855;1856;1857;1858;1859;1860;1861;1862;1863;1864;1865;1866;1867;1868;1869;1870;1871;1872;1873;1874;1875;1876;1877;1878;1879;1880;1881;1882;1883;1884;1885;1886;1887;1888;1889;1890;1891;1892;1893;1894;1895;1896;1897;1898;1899;1900;1901;1902;1903;1904;1905;1906;1907;1908;1909;1910;1911;1912;1913;1914;1915;1916;1917;1918;1919;1920;1921;1922;1923;1924;1925;1926;1927;1928;1929;1930;1931;1932;1933;1934;1935;1936;1937;1938;1939;1940;1941;1942;1943;1944;1945;1946;1947;1948;1949;1950;1951;1952;1953;1954;1955;1956;1957;1958;1959;1960;1961;1962;1963;1964;1965;1966;1967;1968;1969;1970;1971;1972;1973;1974;1975;1976;1977;1978;1979;1980;1981;1982;1983;1984;1985;1986;1987;1988;1989;1990;1991;1992;1993;1994;1995;1996;1997;1998;1999;2000;2001;2002;2003;2004;2005;2006;2007;2008;2009;2010
abw;teen_fertility_rate_births_per_1000_women_ages_15_19;;;;;;;;;;;;;;;;;;;;;;;;;;;;;;;;;;;;;;;;;;;;;;;;;;;;;;;;;;;;;;;;;;;;;;;;;;;;;;;;;;;;;;;;;;;;;;;;;;;;;;;;;;;;;;;;;;;;;;;;;;;;;;;;;;;;;;;;;;;;;;;;;;;;;;;;;;;;;;;;;;;;;;;;;;;;;;;;;;;;;;;;;;;;;;;;;;;;;;;;;;;;;;;;;;;;;;;;;;;;;57.0;52.2;52.4;47.1;50.8;47.6;49.6;38.4;42.4;53.0;41.3;35.7;34.6;36.0;39.4;40.5;38.6;35.8;35.9;36.2
afg;teen_fertility_rate_births_per_1000_women_ages_15_19;;;;;;;;;;;;;;;;;;;;;;;;;;;;;;;;;;;;;;;;;;;;;;;;;;;;;;;;;;;;;;;;;;;;;;;;;;;;;;;;;;;;;;;;;;;;;;;;;;;;;;;;;;;;;;;;;;;;;;;;;;;;;;;;;;;;;;;;;;;;;;;;;;;;;;;;;;;;;;;;;;;;;;;;;;;;;;;;;;;;;;;;;;;;;;;;;;;;;;;;;;;;;;;;;;;;;;;;;;;;;;;;;;;212.4;202.2;191.9;181.7;171.4;161.2;152.7;144.2;135.7;127.2;118.7;114.9;111.0;107.2
ago;teen_fertility_rate_births_per_1000_women_ages_15_19;;;;;;;;;;;;;;;;;;;;;;;;;;;;;;;;;;;;;;;;;;;;;;;;;;;;;;;;;;;;;;;;;;;;;;;;;;;;;;;;;;;;;;;;;;;;;;;;;;;;;;;;;;;;;;;;;;;;;;;;;;;;;;;;;;;;;;;;;;;;;;;;;;;;;;;;;;;;;;;;;;;;;;;;;;;;;;;;;;;;;;;;;;;;;;;;;;;;;;;;;;;;;;;;;;;;;;;;;;;;;;;;;;;215.1;212.2;209.4;206.6;203.8;201.0;195.0;189.0;183.0;177.1;171.1;166.5;161.9;157.3
aia;teen_fertility_rate_births_per_1000_women_ages_15_19;;;;;;;;;;;;;;;;;;;;;;;;;;;;;;;;;;;;;;;;;;;;;;;;;;;;;;;;;;;;;;;;;;;;;;;;;;;;;;;;;;;;;;;;;;;;;;;;;;;;;;;;;;;;;;;;;;;;;;;;;;;;;;;;;;;;;;;;;;;;;;;;;;;;;;;;;;;;;;;;;;;;;;;;;;;;;;;;;;;;;;;;;;;;;;;;;;;;;;;;;;;;;;;;;;;;;;;;;;;;58.0;76.7;45.9;59.0;52.1;37.1;50.6;49.7;59.7;60.7;72.9;57.6;41.5;45.6;44.0;36.0;42.8;;;;
alb;teen_fertility_rate_births_per_1000_women_ages_15_19;;;;;;;;;;;;;;;;;;;;;;;;;;;;;;;;;;;;;;;;;;;;;;;;;;;;;;;;;;;;;;;;;;;;;;;;;;;;;;;;;;;;;;;;;;;;;;;;;;;;;;;;;;;;;;;;;;;;;;;;;;;;;;;;;;;;;;;;;;;;;;;;;;;;;;;;;;;;;;;;;;;;;;;;;;;;;;;;;;;;;;;;;;;;;;;;;;;;;;;;;;;;;;;;;;;;;;;;;;;;15.0;14.6;16.3;17.3;21.6;24.6;24.8;21.6;19.5;17.2;16.4;;14.5;16.3;14.6;16.2;12.9;11.2;11.2;11.2;11.2
and;teen_fertility_rate_births_per_1000_women_ages_15_19;;;;;;;;;;;;;;;;;;;;;;;;;;;;;;;;;;;;;;;;;;;;;;;;;;;;;;;;;;;;;;;;;;;;;;;;;;;;;;;;;;;;;;;;;;;;;;;;;;;;;;;;;;;;;;;;;;;;;;;;;;;;;;;;;;;;;;;;;;;;;;;;;;;;;;;;;;;;;;;;;;;;;;;;;;;;;;;;;;;;;;;;;;;;;;;;;;;;;;;;;;;;;;;;;;;;;;;;;;;;;;;;;;;;;;;;6.8;7.5;5.3;;11.1;7.3;8.9;5.1;
ant;teen_fertility_rate_births_per_1000_women_ages_15_19;;;;;;;;;;;;;;;;;;;;;;;;;;;;;;;;;;;;;;;;;;;;;;;;;;;;;;;;;;;;;;;;;;;;;;;;;;;;;;;;;;;;;;;;;;;;;;;;;;;;;;;;;;;;;;;;;;;;;;;;;;;;;;;;;;;;;;;;;;;;;;;;;;;;;;;;;;;;;;;;;;;;;;;;;;;;;;;;;;;;;;;;;;;;;;;;;;;;;;;;;;;;;;;;;;;;;;;;;;;;53.2;48.7;;;;;;;;;;;40.2;38.9;40.1;36.4;33.2;;;;
are;teen_fertility_rate_births_per_1000_women_ages_15_19;;;;;;;;;;;;;;;;;;;;;;;;;;;;;;;;;;;;;;;;;;;;;;;;;;;;;;;;;;;;;;;;;;;;;;;;;;;;;;;;;;;;;;;;;;;;;;;;;;;;;;;;;;;;;;;;;;;;;;;;;;;;;;;;;;;;;;;;;;;;;;;;;;;;;;;;;;;;;;;;;;;;;;;;;;;;;;;;;;;;;;;;;;;;;;;;;;;;;;;;;;;;;;;;;;;;;;;;;;;;;;;;;;;27.58;27.06;26.53;26.0;25.47;24.95;25.3;25.64;25.99;26.34;26.69;26.04;25.38;24.73
arg;teen_fertility_rate_births_per_1000_women_ages_15_19;;;;;;;;;;;;;;;;;;;;;;;;;;;;;;;;;;;;;;;;;;;;;;;;;;;;;;;;;;;;;;;;;;;;;;;;;;;;;;;;;;;;;;;;;;;;;;;;;;;;;;;;;;;;;;;;;;;;;;;;;;;;;;;;;;;;;;;;;;;;;;;;;;;;;;;;;;;;;;;;;;;;;;;;;;;;;;;;;;;;;;62.4;;;;;61.8;;;;;61.1;;;;;60.4;;;;;68.3;;;;;84.0;;;;;74.2;;;;;71.0;;;68.3;69.6;65.5;63.1;62.6;61.7;62.8;66.8;64.9;64.0;64.7;61.0;61.5;57.5;63.7;63.8;63.0;64.5;67.4;68.2;68.2
arm;teen_fertility_rate_births_per_1000_women_ages_15_19;;;;;;;;;;;;;;;;;;;;;;;;;;;;;;;;;;;;;;;;;;;;;;;;;;;;;;;;;;;;;;;;;;;;;;;;;;;;;;;;;;;;;;;;;;;;;;;;;;;;;;;;;;;;;;;;;;;;;;;;;;;;;;;;;;;;;;;;;;;;;;;;;;;;;;;;;;;;;;;;;;;;;;;;;;;;;;;;;;;;;;;;;;;;;;;;;;;;;;;;;;;;;;;;;;;;;;;;;;;;74.6;84.9;94.1;89.4;79.9;66.6;63.2;51.6;41.1;35.6;32.8;;28.2;29.4;29.6;26.8;25.7;26.4;27.2;29.4;28.3
asm;teen_fertility_rate_births_per_1000_women_ages_15_19;;;;;;;;;;;;;;;;;;;;;;;;;;;;;;;;;;;;;;;;;;;;;;;;;;;;;;;;;;;;;;;;;;;;;;;;;;;;;;;;;;;;;;;;;;;;;;;;;;;;;;;;;;;;;;;;;;;;;;;;;;;;;;;;;;;;;;;;;;;;;;;;;;;;;;;;;;;;;;;;;;;;;;;;;;;;;;;;;;;;;;;;;;;;;;;;;;;;;;;;;;;;;;;;;;;;;;;;;;;;59.3;62.5;51.7;62.4;61.9;55.7;51.9;55.7;56.9;61.0;58.7;50.1;46.7;39.3;43.5;32.5;33.8;;;;
atg;teen_fertility_rate_births_per_1000_women_ages_15_19;;;;;;;;;;;;;;;;;;;;;;;;;;;;;;;;;;;;;;;;;;;;;;;;;;;;;;;;;;;;;;;;;;;;;;;;;;;;;;;;;;;;;;;;;;;;;;;;;;;;;;;;;;;;;;;;;;;;;;;;;;;;;;;;;;;;;;;;;;;;;;;;;;;;;;;;;;;;;;;;;;;;;;;;;;;;;;;;;;;;;;;;;;;;;;;;;;;;;;;;;;;;;;;;;;;;;;;;;;;;86.2;75.1;76.5;72.5;73.8;84.7;82.6;66.0;66.3;63.6;61.9;66.8;;;;;;;;;
aus;teen_fertility_rate_births_per_1000_women_ages_15_19;;;;;;;;;;;;;;;;;;;;;;;;;;;;;;;;;;;;;;;;;;;;;;;;;;;;;;;;;;;;;;;;;;;;;;;;;;;;;;;;;;;;;;;;;;;;;;;;;;;;;;;;;;;;;;;;;;;;;;;;;;;;;;;;;;;;;;;;;;;;;;;;;;;;;;;26.6;26.2;26.5;27.9;29.1;29.2;29.9;30.6;29.4;29.3;27.2;25.9;25.6;24.6;24.6;24.9;24.6;23.8;24.3;23.6;24.3;24.0;24.3;22.9;23.8;26.1;32.1;34.2;35.8;37.0;38.6;39.3;38.8;39.2;41.8;43.0;44.0;44.6;45.2;44.3;47.4;44.7;45.9;47.0;47.5;48.9;48.4;48.9;49.0;50.9;55.5;54.5;49.1;44.2;40.1;35.2;32.1;29.9;28.5;27.6;28.2;27.4;26.6;23.2;22.8;21.8;20.6;20.3;20.6;22.1;22.1;22.0;20.9;20.7;20.4;20.1;19.8;18.9;18.5;17.7;17.7;17.4;16.3;16.3;15.6;14.9;15.4;16.8;16.4;15.5
aut;teen_fertility_rate_births_per_1000_women_ages_15_19;;;;;;;;;;;;;;;;;;;;;;;;;;;;;;;;;;;;;;;;;;;;;;;;;;;;;;;;;;;;;;;;;;;;;;;;;;;;;;;;;;;;;;;;;;;;;;;;;;;;;;;;;;;;;;;;;;;;;;;;;;;;;;;;;;;;;;;;;;;;;;;;;;;;;;;;;;;;;;;;;;;;;;;;;;;;;;;;;;;;;33.12;33.56;33.37;34.19;36.58;39.4;40.24;40.76;43.49;44.76;49.1;52.11;55.55;58.32;59.62;60.64;60.65;61.53;61.81;58.52;57.06;57.03;55.19;53.04;48.04;41.97;37.6;35.74;34.54;34.64;33.76;32.81;28.82;26.0;23.82;22.65;21.04;20.89;20.32;20.15;21.67;21.99;21.38;18.21;17.2;15.81;15.11;14.42;13.27;13.53;13.44;13.58;13.01;13.57;12.81;11.94;11.17;11.2;10.28;9.956
aze;teen_fertility_rate_births_per_1000_women_ages_15_19;;;;;;;;;;;;;;;;;;;;;;;;;;;;;;;;;;;;;;;;;;;;;;;;;;;;;;;;;;;;;;;;;;;;;;;;;;;;;;;;;;;;;;;;;;;;;;;;;;;;;;;;;;;;;;;;;;;;;;;;;;;;;;;;;;;;;;;;;;;;;;;;;;;;;;;;;;;;;;;;;;;;;;;;;;;;;;;;;;;;;;;;;;;;;;;;;;;;;;;;;;;;;;;;;;;;;;;;;;;;25.6;29.4;33.8;37.5;39.8;39.0;35.2;41.01;39.53;38.04;36.56;35.08;33.6;33.65;33.7;33.75;33.8;33.85;33.35;32.86;32.36
bdi;teen_fertility_rate_births_per_1000_women_ages_15_19;;;;;;;;;;;;;;;;;;;;;;;;;;;;;;;;;;;;;;;;;;;;;;;;;;;;;;;;;;;;;;;;;;;;;;;;;;;;;;;;;;;;;;;;;;;;;;;;;;;;;;;;;;;;;;;;;;;;;;;;;;;;;;;;;;;;;;;;;;;;;;;;;;;;;;;;;;;;;;;;;;;;;;;;;;;;;;;;;;;;;;;;;;;;;;;;;;;;;;;;;;;;;;;;;;;;;;;;;;;;33.0;;;;;60.0;;40.13;37.9;35.67;33.44;31.2;28.97;26.9;24.84;22.77;20.71;18.64;19.09;19.55;20.0
bel;teen_fertility_rate_births_per_1000_women_ages_15_19;;;;;;;;;;;;;;;;;;;;;;;;;;;;;;;;;;;;;;;;;;;;;;;;;;;;;;;;;;;;;;;;;;;;;;;;;;;;;;;;;;;;;;;;;;;;;;;;;;;;;;;;;;;;;;;;;;;;;;;;;;;;;;;;;;;;;;;;;;;;;;;;;;;;;;;;;;;;;;;;;;;;;;;;;;;;;;;;;;;;;;;;;;;;;;25.38;25.91;26.38;27.76;28.8;30.2;31.53;31.12;29.98;30.41;31.16;32.6;31.99;30.96;29.62;27.97;26.77;24.98;23.37;21.77;20.18;18.92;17.35;15.88;14.11;12.5;12.11;11.4;11.72;10.95;11.51;11.88;11.73;11.02;10.19;9.82;10.08;9.96;10.07;10.57;11.5;;;8.02;10.65;10.54;10.4;10.46;10.26;10.28;10.28
ben;teen_fertility_rate_births_per_1000_women_ages_15_19;;;;;;;;;;;;;;;;;;;;;;;;;;;;;;;;;;;;;;;;;;;;;;;;;;;;;;;;;;;;;;;;;;;;;;;;;;;;;;;;;;;;;;;;;;;;;;;;;;;;;;;;;;;;;;;;;;;;;;;;;;;;;;;;;;;;;;;;;;;;;;;;;;;;;;;;;;;;;;;;;;;;;;;;;;;;;;;;;;;;;;;;;;;;;;;197.4;;;;;;;;;;;;;;;;;;;;;151.0;;;;;;;;;;140.0;;123.0;;;123.3;122.2;121.0;119.8;118.6;117.4;116.3;115.1;114.0;112.9;111.7;108.8;105.8;102.9
bfa;teen_fertility_rate_births_per_1000_women_ages_15_19;;;;;;;;;;;;;;;;;;;;;;;;;;;;;;;;;;;;;;;;;;;;;;;;;;;;;;;;;;;;;;;;;;;;;;;;;;;;;;;;;;;;;;;;;;;;;;;;;;;;;;;;;;;;;;;;;;;;;;;;;;;;;;;;;;;;;;;;;;;;;;;;;;;;;;;;;;;;;;;;;;;;;;;;;;;;;;;;;;;;;;;;;;;;;;;;;;;;;;;;;;;;;;;;;;;;;;;;;;;;154.2;;;;;;139.0;136.2;135.0;133.9;132.7;131.5;130.4;129.3;128.2;127.0;125.9;124.8;123.3;121.9;120.4
bgd;teen_fertility_rate_births_per_1000_women_ages_15_19;;;;;;;;;;;;;;;;;;;;;;;;;;;;;;;;;;;;;;;;;;;;;;;;;;;;;;;;;;;;;;;;;;;;;;;;;;;;;;;;;;;;;;;;;;;;;;;;;;;;;;;;;;;;;;;;;;;;;;;;;;;;;;;;;;;;;;;;;;;;;;;;;;;;;;;;;;;;;;;;;;;;;;;;;;;;;;;;;;;;;;;;;;;;;;;285.0;;;265.0;;;252.0;;;;;;;;;;;;;;;;;;;182.0;171.0;;;179.0;;;140.0;;;;130.5;125.5;120.6;115.7;110.8;105.9;100.5;95.1;89.71;84.32;78.93;76.79;74.66;72.52
bgr;teen_fertility_rate_births_per_1000_women_ages_15_19;;;;;;;;;;;;;;;;;;;;;;;;;;;;;;;;;;;;;;;;;;;;;;;;;;;;;;;;;;;;;;;;;;;;;;;;;;;;;;;;;;;;;;;;;;;;;;;;;;;;;;;;;;;;;;;;;;;;;;;;;;;;;;;;;;;;;;;;;;;;;;;;;;;;;;;;;;;;;;;;;;;;;;;;;;;;;;;;;47.85;49.78;53.41;54.99;52.78;51.97;54.43;57.23;58.12;59.75;62.62;63.75;71.47;76.06;75.13;72.0;71.33;72.6;69.06;66.29;67.41;73.37;71.92;70.44;69.71;68.37;71.82;73.04;73.6;77.05;77.85;77.55;80.1;79.25;76.54;81.49;79.9;80.07;79.49;79.86;77.07;75.6;73.84;72.04;72.64;69.67;65.03;59.23;52.22;50.07;44.22;44.46;48.56;46.48;42.95;40.26;38.95;40.22;38.05;39.73;40.24;42.11;45.38;45.38
bhr;teen_fertility_rate_births_per_1000_women_ages_15_19;;;;;;;;;;;;;;;;;;;;;;;;;;;;;;;;;;;;;;;;;;;;;;;;;;;;;;;;;;;;;;;;;;;;;;;;;;;;;;;;;;;;;;;;;;;;;;;;;;;;;;;;;;;;;;;;;;;;;;;;;;;;;;;;;;;;;;;;;;;;;;;;;;;;;;;;;;;;;;;;;;;;;;;;;;;;;;;;;;;;;;;;;;;;;;;;;;;;;;;;;;;;;;;;;;;;;;;;;;;;22.6;20.6;22.5;22.1;20.8;21.7;20.6;17.87;17.43;16.99;16.55;16.11;15.66;15.52;15.37;15.21;15.06;14.91;14.9;14.88;14.86
bhs;teen_fertility_rate_births_per_1000_women_ages_15_19;;;;;;;;;;;;;;;;;;;;;;;;;;;;;;;;;;;;;;;;;;;;;;;;;;;;;;;;;;;;;;;;;;;;;;;;;;;;;;;;;;;;;;;;;;;;;;;;;;;;;;;;;;;;;;;;;;;;;;;;;;;;;;;;;;;;;;;;;;;;;;;;;;;;;;;;;;;;;;;;;;;;;;;;;;;;;;;;;;;;;;;;;;;;;;;;;;;;;;;;;;;;;;;;;;;;;;;;;;;;69.9;64.9;77.4;75.8;;65.1;63.6;61.9;58.32;54.74;51.16;47.57;43.99;41.55;39.11;36.67;34.23;31.78;31.09;30.39;29.69
bih;teen_fertility_rate_births_per_1000_women_ages_15_19;;;;;;;;;;;;;;;;;;;;;;;;;;;;;;;;;;;;;;;;;;;;;;;;;;;;;;;;;;;;;;;;;;;;;;;;;;;;;;;;;;;;;;;;;;;;;;;;;;;;;;;;;;;;;;;;;;;;;;;;;;;;;;;;;;;;;;;;;;;;;;;;;;;;;;;;;;;;;;;;;;;;;;;;;;;;;;;;;;;;;;;;;;;;;;;;;;;;;;;;;;;;;;;;;;;;;;;;;;;;38.6;39.1;;;;;29.7;27.02;25.25;23.48;21.71;19.94;18.17;17.82;17.47;17.12;16.77;16.43;15.83;15.23;14.63
blr;teen_fertility_rate_births_per_1000_women_ages_15_19;;;;;;;;;;;;;;;;;;;;;;;;;;;;;;;;;;;;;;;;;;;;;;;;;;;;;;;;;;;;;;;;;;;;;;;;;;;;;;;;;;;;;;;;;;;;;;;;;;;;;;;;;;;;;;;;;;;;;;;;;;;;;;;;;;;;;;;;;;;;;;;;;;;;;;;;;;;;;;;;;;;;;;;;;;;;;;;;;;;;;;;;;;;;;;;;;;16.3;17.98;17.34;18.34;18.16;18.29;22.67;25.65;25.89;26.01;27.14;27.76;28.58;28.67;30.55;31.19;32.09;30.6;29.98;31.12;33.07;33.95;34.87;37.54;39.07;40.99;44.1;45.13;46.26;44.1;43.41;39.89;36.88;34.31;32.23;31.06;28.45;27.09;24.17;23.82;22.48;21.29;21.46;20.55;20.79;20.72;20.7
blz;teen_fertility_rate_births_per_1000_women_ages_15_19;;;;;;;;;;;;;;;;;;;;;;;;;;;;;;;;;;;;;;;;;;;;;;;;;;;;;;;;;;;;;;;;;;;;;;;;;;;;;;;;;;;;;;;;;;;;;;;;;;;;;;;;;;;;;;;;;;;;;;;;;;;;;;;;;;;;;;;;;;;;;;;;;;;;;;;;;;;;;;;;;;;;;;;;;;;;;;;;;;;;;;;;;;;;;;;;;;;;;;;;;;;;;;;;;;;;;;;;;;;;129.2;116.0;107.1;;;;;106.3;103.2;100.2;97.22;94.2;91.19;88.69;86.2;83.7;81.21;78.72;77.13;75.54;73.96
bmu;teen_fertility_rate_births_per_1000_women_ages_15_19;;;;;;;;;;;;;;;;;;;;;;;;;;;;;;;;;;;;;;;;;;;;;;;;;;;;;;;;;;;;;;;;;;;;;;;;;;;;;;;;;;;;;;;;;;;;;;;;;;;;;;;;;;;;;;;;;;;;;;;;;;;;;;;;;;;;;;;;;;;;;;;;;;;;;;;;;;;;;;;;;;;;;;;;;;;;;;;;;;;;;;;;;;;;;;;;;;;;;;;;;;;;;;;;;;;;;;;;;;;;36.7;34.6;;;;33.7;37.2;48.1;35.8;28.4;23.7;35.5;28.6;38.7;;;17.9;12.9;16.0;16.4;
bol;teen_fertility_rate_births_per_1000_women_ages_15_19;;;;;;;;;;;;;;;;;;;;;;;;;;;;;;;;;;;;;;;;;;;;;;;;;;;;;;;;;;;;;;;;;;;;;;;;;;;;;;;;;;;;;;;;;;;;;;;;;;;;;;;;;;;;;;;;;;;;;;;;;;;;;;;;;;;;;;;;;;;;;;;;;;;;;;;;;;;;;;;;;;;;;;;;;;;;;;;;;;;;;;99.5;;;;;99.5;;;;;97.2;;;;;95.9;;;;;94.7;;;;;87.3;;;;;86.2;;;;;85.8;;;;;82.4;;;;;86.9;86.4;85.9;85.4;84.9;84.4;83.16;81.92;80.68;79.44;78.2;77.5;76.81;76.12
bra;teen_fertility_rate_births_per_1000_women_ages_15_19;;;;;;;;;;;;;;;;;;;;;;;;;;;;;;;;;;;;;;;;;;;;;;;;;;;;;;;;;;;;;;;;;;;;;;;;;;;;;;;;;;;;;;;;;;;;;;;;;;;;;;;;;;;;;;;;;;;;;;;;;;;;;;;;;;;;;;;;;;;;;;;;;;;;;;;;;;;;;;;;;;;;;;;;;;;;;;;;;;;;;;82.5;;;;;82.5;;;;;82.5;;;;;74.6;;;;;68.3;;;;;65.3;;;;;66.5;;;;;71.6;;;;;82.4;88.0;;;;89.7;88.96;88.22;87.48;86.74;86.0;83.92;81.84;79.76;77.68;75.6;75.67;75.74;75.81
brb;teen_fertility_rate_births_per_1000_women_ages_15_19;;;;;;;;;;;;;;;;;;;;;;;;;;;;;;;;;;;;;;;;;;;;;;;;;;;;;;;;;;;;;;;;;;;;;;;;;;;;;;;;;;;;;;;;;;;;;;;;;;;;;;;;;;;;;;;;;;;;;;;;;;;;;;;;;;;;;;;;;;;;;;;;;;;;;;;;;;;;;;;;;;;;;;;;;;;;;;;;;;;;;;;;;;;;;;;;;;;;;;;;;;;;;;;;;;;;;;;;;;;;57.1;56.4;59.0;;;;;56.18;53.36;50.55;47.73;44.91;42.1;42.2;42.3;42.4;42.5;42.61;42.24;41.88;41.52
brn;teen_fertility_rate_births_per_1000_women_ages_15_19;;;;;;;;;;;;;;;;;;;;;;;;;;;;;;;;;;;;;;;;;;;;;;;;;;;;;;;;;;;;;;;;;;;;;;;;;;;;;;;;;;;;;;;;;;;;;;;;;;;;;;;;;;;;;;;;;;;;;;;;;;;;;;;;;;;;;;;;;;;;;;;;;;;;;;;;;;;;;;;;;;;;;;;;;;;;;;;;;;;;;;;;;;;;;;;;;;;;;;;;;;;;;;;;;;;;;;;;;;;;34.5;35.2;36.8;;;;29.8;28.76;28.25;27.74;27.23;26.73;26.22;25.99;25.76;25.53;25.3;25.07;24.6;24.14;23.67
btn;teen_fertility_rate_births_per_1000_women_ages_15_19;;;;;;;;;;;;;;;;;;;;;;;;;;;;;;;;;;;;;;;;;;;;;;;;;;;;;;;;;;;;;;;;;;;;;;;;;;;;;;;;;;;;;;;;;;;;;;;;;;;;;;;;;;;;;;;;;;;;;;;;;;;;;;;;;;;;;;;;;;;;;;;;;;;;;;;;;;;;;;;;;;;;;;;;;;;;;;;;;;;;;;;;;;;;;;;;;;;;;;;;;;;;;;;;;;;;;;;;;;;;;;;120.0;;;;75.0;71.66;68.31;64.97;61.63;58.29;56.66;55.03;53.41;51.78;50.16;49.1;48.05;47.0
bwa;teen_fertility_rate_births_per_1000_women_ages_15_19;;;;;;;;;;;;;;;;;;;;;;;;;;;;;;;;;;;;;;;;;;;;;;;;;;;;;;;;;;;;;;;;;;;;;;;;;;;;;;;;;;;;;;;;;;;;;;;;;;;;;;;;;;;;;;;;;;;;;;;;;;;;;;;;;;;;;;;;;;;;;;;;;;;;;;;;;;;;;;;;;;;;;;;;;;;;;;;;;;;;;;;;;;;;;;;;;;;;;;;;;;;;;;;;;;;;;;;;;;;;;92.0;;;;;;73.26;70.86;68.45;66.05;63.65;61.25;59.42;57.6;55.78;53.95;52.13;50.46;48.8;47.13
caf;teen_fertility_rate_births_per_1000_women_ages_15_19;;;;;;;;;;;;;;;;;;;;;;;;;;;;;;;;;;;;;;;;;;;;;;;;;;;;;;;;;;;;;;;;;;;;;;;;;;;;;;;;;;;;;;;;;;;;;;;;;;;;;;;;;;;;;;;;;;;;;;;;;;;;;;;;;;;;;;;;;;;;;;;;;;;;;;;;;;;;;;;;;;;;;;;;;;;;;;;;;;;;;;;;;;;;;;;;;;;;;;;;;;;;;;;;;;;;;;;;;;;;;;;;;;;134.4;132.0;129.7;127.3;124.9;122.5;119.4;116.2;113.0;109.8;106.6;105.0;103.4;101.8
can;teen_fertility_rate_births_per_1000_women_ages_15_19;;;;;;;;;;;;;;;;;;;;;;;;;;;;;;;;;;;;;;;;;;;;;;;;;;;;;;;;;;;;;;;;;;;;;;;;;;;;;;;;;;;;;;;;;;;;;;;;;;;;;;;;;;;;;;;;;;;;;;;;;;;;;;;;;;;;;;;;;;;;;;;;;;;;;;;38.0;;;;;;;;;;29.9;;;;;;25.6;;;;30.7;;;;;;;;;;48.1;;;;;;60.2;;;;58.2;;;;;;;;;;40.1;;;;;;;;;;26.4;;;;23.7;23.5;23.2;;;;;;;;;;20.09;19.07;18.04;17.02;16.0;14.98;14.77;14.57;14.36;14.16;13.95;13.41;12.88;12.34
chanisl;teen_fertility_rate_births_per_1000_women_ages_15_19;;;;;;;;;;;;;;;;;;;;;;;;;;;;;;;;;;;;;;;;;;;;;;;;;;;;;;;;;;;;;;;;;;;;;;;;;;;;;;;;;;;;;;;;;;;;;;;;;;;;;;;;;;;;;;;;;;;;;;;;;;;;;;;;;;;;;;;;;;;;;;;;;;;;;;;;;;;;;;;;;;;;;;;;;;;;;;;;;;;;;;;;;;;;;;;;;;;;;;;;;;;;;;;;;;;;;;;;;;;;;16.9;;;;;;13.78;13.4;13.02;12.64;12.26;11.88;11.48;11.09;10.7;10.31;9.912;9.605;9.298;8.991
che;teen_fertility_rate_births_per_1000_women_ages_15_19;;;;;;;;;;;;;;;;;;;;;;;;;;;;;;;;;;;;;;;;;;;;;;;;;;;;;;;;;;;;;;;;;;;;;;;;;;;;;;;;;;;;;;;;;;;;;;;;;;;;;;;;;;;;;;;;;;;;;;;;;;;;;;;;;;;;;;;;;;;;;;;;;;;;;;;;;;;;;;;;;;7.446000000000001;7.494;7.568;7.356;7.184;7.11;7.232;6.966;7.3260000000000005;7.836;8.156;9.012;9.648;10.25;10.94;12.3;12.38;12.06;12.08;12.08;12.37;12.08;12.46;13.26;13.72;15.74;15.37;16.08;16.43;17.37;17.94;19.61;20.59;21.12;21.37;21.75;21.37;22.1;22.24;21.6;20.39;19.56;17.61;15.29;12.73;10.6;10.25;9.974;10.22;9.783999999999999;9.306000000000001;7.827999999999999;7.513999999999999;6.292000000000001;6.15;5.718;6.278;6.3;6.51;7.56;6.9079999999999995;6.452000000000001;5.796;5.47;5.632000000000001;5.65;5.852;6.167999999999999;6.074;5.44;5.68;5.388;5.442;4.886;4.734;4.582;4.452;4.322;4.1930000000000005
chl;teen_fertility_rate_births_per_1000_women_ages_15_19;;;;;;;;;;;;;;;;;;;;;;;;;;;;;;;;;;;;;;;;;;;;;;;;;;;;;;;;;;;;;;;;;;;;;;;;;;;;;;;;;;;;;;;;;;;;;;;;;;;;;;;;;;;;;;;;;;;;;;;;;;;;;;;;;;;;;;;;;;;;;;;;;;;;;;;;;;;;;;;;;;;;;;;;;;;;;;;;;;;;;;80.0;;;;;85.1;;;;;85.3;;;;;82.8;;;;;84.1;;;;;75.0;;;;;64.0;;;;;64.0;;;64.7;63.4;63.4;64.4;65.9;65.6;66.1;66.9;65.84;64.78;63.72;62.66;61.6;60.93;60.26;59.59;58.92;58.25;57.8;57.34;56.89
chn;teen_fertility_rate_births_per_1000_women_ages_15_19;;;;;;;;;;;;;;;;;;;;;;;;;;;;;;;;;;;;;;;;;;;;;;;;;;;;;;;;;;;;;;;;;;;;;;;;;;;;;;;;;;;;;;;;;;;;;;;;;;;;;;;;;;;;;;;;;;;;;;;;;;;;;;;;;;;;;;;;;;;;;;;;;;;;;;;;;;;;;;;;104.1;;;;;;;;;;74.0;75.0;74.0;76.0;68.0;69.0;70.0;76.0;72.0;84.0;83.0;90.0;101.0;94.0;95.0;92.0;78.0;87.0;72.0;44.0;38.0;31.0;54.0;72.0;63.0;53.0;52.0;38.0;46.0;41.0;39.0;38.0;31.0;27.0;26.0;20.0;19.0;14.0;11.0;9.0;8.0;13.0;18.0;25.3;24.8;25.7;25.5;25.6;24.5;22.9;24.0;19.1;17.7;17.1;14.9;14.5;11.8;9.8;9.0;7.0;7.651;7.928;8.204;8.249;8.294;8.34;8.385;8.43;8.562999999999999;8.696;8.829
civ;teen_fertility_rate_births_per_1000_women_ages_15_19;;;;;;;;;;;;;;;;;;;;;;;;;;;;;;;;;;;;;;;;;;;;;;;;;;;;;;;;;;;;;;;;;;;;;;;;;;;;;;;;;;;;;;;;;;;;;;;;;;;;;;;;;;;;;;;;;;;;;;;;;;;;;;;;;;;;;;;;;;;;;;;;;;;;;;;;;;;;;;;;;;;;;;;;;;;;;;;;;;;;;;;;;;;;;;;;;;;;;;;;;;;;;;;;;;;;;;;;;;;;;;;;;;;136.4;136.1;135.8;135.5;135.2;134.9;133.8;132.7;131.6;130.5;129.4;124.6;119.9;115.2
cmr;teen_fertility_rate_births_per_1000_women_ages_15_19;;;;;;;;;;;;;;;;;;;;;;;;;;;;;;;;;;;;;;;;;;;;;;;;;;;;;;;;;;;;;;;;;;;;;;;;;;;;;;;;;;;;;;;;;;;;;;;;;;;;;;;;;;;;;;;;;;;;;;;;;;;;;;;;;;;;;;;;;;;;;;;;;;;;;;;;;;;;;;;;;;;;;;;;;;;;;;;;;;;;;;;;;;;;;;;;;;;;;;;;;;;;;;;;;;;;;;;;;;;;;;;;;;;142.8;141.5;140.2;138.8;137.5;136.2;134.5;132.8;131.1;129.5;127.8;125.2;122.7;120.2
cod;teen_fertility_rate_births_per_1000_women_ages_15_19;;;;;;;;;;;;;;;;;;;;;;;;;;;;;;;;;;;;;;;;;;;;;;;;;;;;;;;;;;;;;;;;;;;;;;;;;;;;;;;;;;;;;;;;;;;;;;;;;;;;;;;;;;;;;;;;;;;;;;;;;;;;;;;;;;;;;;;;;;;;;;;;;;;;;;;;;;;;;;;;;;;;;;;;;;;;;;;;;;;;;;;;;;;;;;;;;;;;;;;;;;;;;;;;;;;;;;;;;242.0;;;;;;;;;;242.0;239.7;237.5;235.2;232.9;230.6;224.7;218.9;213.1;207.2;201.4;195.2;189.1;182.9
cog;teen_fertility_rate_births_per_1000_women_ages_15_19;;;;;;;;;;;;;;;;;;;;;;;;;;;;;;;;;;;;;;;;;;;;;;;;;;;;;;;;;;;;;;;;;;;;;;;;;;;;;;;;;;;;;;;;;;;;;;;;;;;;;;;;;;;;;;;;;;;;;;;;;;;;;;;;;;;;;;;;;;;;;;;;;;;;;;;;;;;;;;;;;;;;;;;;;;;;;;;;;;;;;;;;;;;;;;;;;;;;;;;;;;;;;;;;;;;;;;;;;;;;;;;132.0;;;;130.2;130.3;130.3;130.4;130.4;130.5;128.1;125.8;123.4;121.0;118.7;117.5;116.2;115.0
cok;teen_fertility_rate_births_per_1000_women_ages_15_19;;;;;;;;;;;;;;;;;;;;;;;;;;;;;;;;;;;;;;;;;;;;;;;;;;;;;;;;;;;;;;;;;;;;;;;;;;;;;;;;;;;;;;;;;;;;;;;;;;;;;;;;;;;;;;;;;;;;;;;;;;;;;;;;;;;;;;;;;;;;;;;;;;;;;;;;;;;;;;;;;;;;;;;;;;;;;;;;;;;;;;;;;;;;;;;;;;;;;;;;;;;;;;;;;;;;;;;;;;;;;;;;;;82.0;;;;;47.0;;;;;;;;;
col;teen_fertility_rate_births_per_1000_women_ages_15_19;;;;;;;;;;;;;;;;;;;;;;;;;;;;;;;;;;;;;;;;;;;;;;;;;;;;;;;;;;;;;;;;;;;;;;;;;;;;;;;;;;;;;;;;;;;;;;;;;;;;;;;;;;;;;;;;;;;;;;;;;;;;;;;;;;;;;;;;;;;;;;;;;;;;;;;;;;;;;;;;;;;;;;;;;;;;;;;;;;;;;;128.0;;;;;128.0;;;;;128.0;;;;;118.6;;;;;89.9;;;;;77.0;;;;;68.3;;;;;81.6;;;;;91.8;;;;;91.7;92.5;93.3;94.1;94.9;95.7;91.42;87.14;82.86;78.58;74.3;73.07;71.84;70.61
com;teen_fertility_rate_births_per_1000_women_ages_15_19;;;;;;;;;;;;;;;;;;;;;;;;;;;;;;;;;;;;;;;;;;;;;;;;;;;;;;;;;;;;;;;;;;;;;;;;;;;;;;;;;;;;;;;;;;;;;;;;;;;;;;;;;;;;;;;;;;;;;;;;;;;;;;;;;;;;;;;;;;;;;;;;;;;;;;;;;;;;;;;;;;;;;;;;;;;;;;;;;;;;;;;;;;;;;;;;;;;;;;;;;;;;;;;;;;;;;;;;;;;;;;;;;;;66.46;65.89;65.31;64.74;64.17;63.59;62.48;61.36;60.25;59.13;58.01;56.63;55.25;53.88
cpv;teen_fertility_rate_births_per_1000_women_ages_15_19;;;;;;;;;;;;;;;;;;;;;;;;;;;;;;;;;;;;;;;;;;;;;;;;;;;;;;;;;;;;;;;;;;;;;;;;;;;;;;;;;;;;;;;;;;;;;;;;;;;;;;;;;;;;;;;;;;;;;;;;;;;;;;;;;;;;;;;;;;;;;;;;;;;;;;;;;;;;;;;;;;;;;;;;;;;;;;;;;;;;;;;;;;;;;;;;;;;;;;;;;;;;;;;;;;;;;;;;;;;;79.5;;;;;;100.0;105.8;103.6;101.3;99.1;96.88;94.65;92.03;89.42;86.8;84.18;81.57;79.09;76.61;74.14
cri;teen_fertility_rate_births_per_1000_women_ages_15_19;;;;;;;;;;;;;;;;;;;;;;;;;;;;;;;;;;;;;;;;;;;;;;;;;;;;;;;;;;;;;;;;;;;;;;;;;;;;;;;;;;;;;;;;;;;;;;;;;;;;;;;;;;;;;;;;;;;;;;;;;;;;;;;;;;;;;;;;;;;;;;;;;;;;;;;;;;;;;;;;;;;;;;;;;;;;;;;;;;;;;;119.2;;;;;120.8;;;;;114.8;;;;;107.8;;;;;105.8;;;;;110.2;;;;;98.3;;;;;97.6;;;91.8;91.3;;;89.9;89.1;86.8;86.9;84.8;82.71;80.61;78.51;76.42;74.26;72.1;69.95;67.79;65.63;64.9;64.16;63.42
cub;teen_fertility_rate_births_per_1000_women_ages_15_19;;;;;;;;;;;;;;;;;;;;;;;;;;;;;;;;;;;;;;;;;;;;;;;;;;;;;;;;;;;;;;;;;;;;;;;;;;;;;;;;;;;;;;;;;;;;;;;;;;;;;;;;;;;;;;;;;;;;;;;;;;;;;;;;;;;;;;;;;;;;;;;;;;;;;;;;;;;;;;;;;;;;;;;;;;;;;;;;;;;;;;66.8;;;;;77.2;;;;;119.7;;;;;130.1;;;;;140.7;;;;;110.2;;;;;84.8;;;;;84.8;;;;;67.2;;;;;67.9;64.38;60.86;57.34;53.82;50.3;49.28;48.27;47.25;46.23;45.22;44.96;44.7;44.44
cym;teen_fertility_rate_births_per_1000_women_ages_15_19;;;;;;;;;;;;;;;;;;;;;;;;;;;;;;;;;;;;;;;;;;;;;;;;;;;;;;;;;;;;;;;;;;;;;;;;;;;;;;;;;;;;;;;;;;;;;;;;;;;;;;;;;;;;;;;;;;;;;;;;;;;;;;;;;;;;;;;;;;;;;;;;;;;;;;;;;;;;;;;;;;;;;;;;;;;;;;;;;;;;;;;;;;;;;;;;;;;;;;;;;;;;;;;;;;;;;;;;;;;;87.7;67.1;67.2;64.5;62.3;;;;;;;;;;;;;;;31.7;
cyp;teen_fertility_rate_births_per_1000_women_ages_15_19;;;;;;;;;;;;;;;;;;;;;;;;;;;;;;;;;;;;;;;;;;;;;;;;;;;;;;;;;;;;;;;;;;;;;;;;;;;;;;;;;;;;;;;;;;;;;;;;;;;;;;;;;;;;;;;;;;;;;;;;;;;;;;;;;;;;;;;;;;;;;;;;;;;;;;;;;;;;;;;;;;;;;;;;;;;;;;;;;;;;;;;;;;;;;;;;;;;;;;;;;;;;;;;;;;;;;;;;;;;;26.4;23.1;23.6;17.2;15.0;13.3;11.4;13.05;11.89;10.72;9.557;8.392000000000001;7.226;7.091;6.956;6.822;6.687;6.5520000000000005;6.332000000000001;6.1129999999999995;5.893
cze;teen_fertility_rate_births_per_1000_women_ages_15_19;;;;;;;;;;;;;;;;;;;;;;;;;;;;;;;;;;;;;;;;;;;;;;;;;;;;;;;;;;;;;;;;;;;;;;;;;;;;;;;;;;;;;;;;;;;;;;;;;;;;;;;;;;;;;;;;;;;;;;;;;;;;;;;;;;;;;;;;;;;;;;;;;;;;;;;;;;;;;;;;;;;;;;;;;;;;;;;;;;;;47.07;48.81;48.08;45.35;44.05;44.66;48.19;50.43;47.74;47.84;47.34;46.32;47.37;51.01;50.34;48.01;46.25;46.81;45.44;47.21;47.52;47.08;47.42;49.19;53.91;56.67;57.6;58.02;58.54;59.63;56.72;53.19;53.17;53.51;54.25;53.69;52.06;51.4;52.08;49.41;49.33;50.5;45.75;42.13;31.65;23.91;18.9;16.64;15.2;14.43;12.78;11.23;11.39;11.23;11.17;10.78;10.81;10.95;11.21;11.39;10.0
deu;teen_fertility_rate_births_per_1000_women_ages_15_19;;;;;;;;;;;;;;;;;;;;;;;;;;;;;;;;;;;;;;;;;;;;;;;;;;;;;;;;;;;;;;;;;;;;;;;;;;;;;;;;;;;;;;;;;;;;;;;;;;;;;;;;;;;;;;;;;;;;;;;;;;;;;;;;;;;;;;;;;;;;;;;;;;;;;;;;;;;;;;;;;;;;;;;;;;;;;;;;;;;;;;;;;;29.63;30.31;30.13;33.31;35.26;38.53;40.48;44.24;47.12;47.98;47.86;49.74;49.09;50.13;49.77;49.95;44.53;38.94;36.55;32.92;31.45;29.65;28.67;27.74;28.2;25.79;23.8;20.77;18.96;17.61;17.0;16.85;17.42;15.51;18.32;17.8;17.06;15.19;13.8;12.98;13.15;13.05;13.16;13.06;13.28;13.36;12.77;12.16;11.42;10.99;10.35;9.974;9.654;8.943999999999999;8.846
dji;teen_fertility_rate_births_per_1000_women_ages_15_19;;;;;;;;;;;;;;;;;;;;;;;;;;;;;;;;;;;;;;;;;;;;;;;;;;;;;;;;;;;;;;;;;;;;;;;;;;;;;;;;;;;;;;;;;;;;;;;;;;;;;;;;;;;;;;;;;;;;;;;;;;;;;;;;;;;;;;;;;;;;;;;;;;;;;;;;;;;;;;;;;;;;;;;;;;;;;;;;;;;;;;;;;;;;;;;;;;;;;;;;;;;;;;;;;;;;;;;;;;;;47.0;30.9;;;;33.0;;31.08;30.63;30.18;29.73;29.27;28.82;27.64;26.46;25.28;24.1;22.91;22.24;21.56;20.88
dma;teen_fertility_rate_births_per_1000_women_ages_15_19;;;;;;;;;;;;;;;;;;;;;;;;;;;;;;;;;;;;;;;;;;;;;;;;;;;;;;;;;;;;;;;;;;;;;;;;;;;;;;;;;;;;;;;;;;;;;;;;;;;;;;;;;;;;;;;;;;;;;;;;;;;;;;;;;;;;;;;;;;;;;;;;;;;;;;;;;;;;;;;;;;;;;;;;;;;;;;;;;;;;;;;;;;;;;;;;;;;;;;;;;;;;;;;;;;;;;;;;;;;;113.8;101.6;88.0;;;54.0;;;55.8;60.3;51.6;46.9;45.6;48.3;;42.6;48.2;;;;
dnk;teen_fertility_rate_births_per_1000_women_ages_15_19;;;;;;;;;;;;;;;;;;;;;;;;;;;;;;;;;;;;;;;;;;;;;;;;;;;;;;;;;;;;;;;;;;;;;;;;;;;;;;;;;;;;;;;;;;;;;;;;;;;;;;;;;;;;;;;;;;;;;;;;;;;;;;;;;;;19.2;19.4;19.6;20.3;20.6;22.4;22.3;25.5;26.0;25.8;24.2;24.6;24.1;23.7;22.4;22.1;21.0;21.2;18.8;25.9;24.6;22.9;24.5;23.6;23.0;23.2;22.9;23.0;21.6;22.1;22.9;22.9;20.8;23.0;23.2;22.9;24.1;24.4;25.9;27.2;25.8;27.7;29.5;34.1;38.7;34.9;36.7;37.2;36.8;40.2;38.4;40.9;40.5;40.6;41.5;42.2;42.3;40.6;41.1;41.8;45.6;44.9;47.3;47.3;47.1;49.6;47.6;44.1;38.8;32.4;29.0;28.1;25.9;25.4;26.7;23.1;22.1;20.2;18.1;16.8;14.3;12.4;10.6;10.1;9.1;9.2;9.4;9.0;9.4;9.1;8.8;9.5;8.8;8.7;8.3;8.0;8.4;7.7;7.7;7.8;7.6;6.7;6.2;5.8;5.8;6.2;5.9;6.2;5.6;5.1
dom;teen_fertility_rate_births_per_1000_women_ages_15_19;;;;;;;;;;;;;;;;;;;;;;;;;;;;;;;;;;;;;;;;;;;;;;;;;;;;;;;;;;;;;;;;;;;;;;;;;;;;;;;;;;;;;;;;;;;;;;;;;;;;;;;;;;;;;;;;;;;;;;;;;;;;;;;;;;;;;;;;;;;;;;;;;;;;;;;;;;;;;;;;;;;;;;;;;;;;;;;;;;;;;;165.9;;;;;165.9;;;;;164.2;;;;;150.1;;;;;116.7;;;;;110.3;;;;;118.7;;;;;110.3;;;;;;;;;;111.0;110.7;110.4;110.2;109.9;109.6;109.4;109.2;109.1;108.9;108.7;107.7;106.7;105.7
dza;teen_fertility_rate_births_per_1000_women_ages_15_19;;;;;;;;;;;;;;;;;;;;;;;;;;;;;;;;;;;;;;;;;;;;;;;;;;;;;;;;;;;;;;;;;;;;;;;;;;;;;;;;;;;;;;;;;;;;;;;;;;;;;;;;;;;;;;;;;;;;;;;;;;;;;;;;;;;;;;;;;;;;;;;;;;;;;;;;;;;;;;;;;;;;;;;;;;;;;;;;;;;;;;;;;;;;;;;;;;;;;;;112.0;;;;;;;;97.02;;;;;;47.83;;;;;33.0;;;;26.0;;;;;11.77;11.12;10.48;9.832;9.185;8.539;8.299;8.059;7.819;7.579;7.3389999999999995;7.087999999999999;6.836;6.585
ecu;teen_fertility_rate_births_per_1000_women_ages_15_19;;;;;;;;;;;;;;;;;;;;;;;;;;;;;;;;;;;;;;;;;;;;;;;;;;;;;;;;;;;;;;;;;;;;;;;;;;;;;;;;;;;;;;;;;;;;;;;;;;;;;;;;;;;;;;;;;;;;;;;;;;;;;;;;;;;;;;;;;;;;;;;;;;;;;;;;;;;;;;;;;;;;;;;;;;;;;;;;;;;;;;135.6;;;;;135.6;;;;;135.6;;;;;130.9;;;;;120.0;;;;;111.5;;;;;99.9;;;;;87.6;;;;;79.4;;;;;85.4;85.22;85.04;84.86;84.68;84.5;84.16;83.82;83.48;83.14;82.8;82.35;81.9;81.45
egy;teen_fertility_rate_births_per_1000_women_ages_15_19;;;;;;;;;;;;;;;;;;;;;;;;;;;;;;;;;;;;;;;;;;;;;;;;;;;;;;;;;;;;;;;;;;;;;;;;;;;;;;;;;;;;;;;;;;;;;;;;;;;;;;;;;;;;;;;;;;;;;;;;;;;;;;;;;;;;;;;;;;;;;;;;;;;;;;;;;;;;;;;;;;;;;;;;;;;;;;;;;;;;;;;;;;;;;;;;;;;;;;;;;;;;;;;;;;;;;;;;;;;;68.8;;;66.9;;;;58.81;57.54;56.28;55.01;53.75;52.48;51.3;50.12;48.94;47.76;46.57;45.39;44.2;43.02
eri;teen_fertility_rate_births_per_1000_women_ages_15_19;;;;;;;;;;;;;;;;;;;;;;;;;;;;;;;;;;;;;;;;;;;;;;;;;;;;;;;;;;;;;;;;;;;;;;;;;;;;;;;;;;;;;;;;;;;;;;;;;;;;;;;;;;;;;;;;;;;;;;;;;;;;;;;;;;;;;;;;;;;;;;;;;;;;;;;;;;;;;;;;;;;;;;;;;;;;;;;;;;;;;;;;;;;;;;;;;;;;;;;;;;;;;;;;;;;;;;;;;;;;;;;115.9;;;;98.69;95.6;92.5;89.41;86.31;83.22;79.88;76.55;73.22;69.88;66.55;63.98;61.41;58.85
esp;teen_fertility_rate_births_per_1000_women_ages_15_19;;;;;;;;;;;;;;;;;;;;;;;;;;;;;;;;;;;;;;;;;;;;;;;;;;;;;;;;;;;;;;;;;;;;;;;;;;;;;;;;;;;;;;;;;;;;;;;;;;;;;;;;;;;;;;;;;;;;;;;;;;;;;;;;;;;;;;;;;;;;;;;;;;;;;;;;11.27;11.65;11.07;10.67;11.69;10.43;11.21;10.97;11.17;11.64;12.17;12.59;12.22;11.96;11.22;11.26;10.61;6.872000000000001;8.777999999999999;8.94;8.906;10.32;10.02;9.756;8.384;8.218;9.26;8.582;7.61;7.6979999999999995;7.978;8.402000000000001;8.34;8.42;10.28;9.568;9.816;10.06;10.12;10.39;12.19;10.26;11.32;11.49;12.0;11.69;13.31;13.51;14.25;15.49;16.17;17.6;21.8;25.08;25.61;26.13;26.62;26.93;26.0;22.98;21.33;19.89;18.94;18.25;16.59;15.87;15.3;13.23;11.86;10.91;9.958;9.033999999999999;8.058;7.4879999999999995;7.132000000000001;7.452000000000001;7.474;8.096;8.458;9.242;9.442;10.18;10.43;11.12;11.78;12.96;13.45;11.95;10.67
est;teen_fertility_rate_births_per_1000_women_ages_15_19;;;;;;;;;;;;;;;;;;;;;;;;;;;;;;;;;;;;;;;;;;;;;;;;;;;;;;;;;;;;;;;;;;;;;;;;;;;;;;;;;;;;;;;;;;;;;;;;;;;;;;;;;;;;;;;;;;;;;;;;;;;;;;;;;;;;;;;;;;;;;;;;;;;;;;;;;;;;;;;;;;;;;;;;;;;;;;;;;;;;;;;;;;;;;19.04;20.14;21.54;21.83;22.6;23.78;24.28;23.65;22.79;26.98;27.5;32.54;33.03;32.48;31.18;32.7;34.17;35.89;37.92;38.72;41.67;42.35;42.04;38.47;38.4;41.82;43.98;43.41;45.37;45.05;53.9;55.17;53.85;50.88;44.51;40.62;38.01;36.01;31.61;28.21;27.26;26.11;24.01;21.82;20.89;21.56;21.4;21.09;22.55;21.15;18.39;18.39
eth;teen_fertility_rate_births_per_1000_women_ages_15_19;;;;;;;;;;;;;;;;;;;;;;;;;;;;;;;;;;;;;;;;;;;;;;;;;;;;;;;;;;;;;;;;;;;;;;;;;;;;;;;;;;;;;;;;;;;;;;;;;;;;;;;;;;;;;;;;;;;;;;;;;;;;;;;;;;;;;;;;;;;;;;;;;;;;;;;;;;;;;;;;;;;;;;;;;;;;;;;;;;;;;;;;;;;;;;;;;;;;;;;;;;;;;;;;;;;;;;;;;;;;;;;;;;;111.5;108.7;105.8;102.9;100.1;97.22;92.25;87.29;82.33;77.37;72.4;67.57;62.74;57.91
fin;teen_fertility_rate_births_per_1000_women_ages_15_19;;;;;;35.3;39.3;39.1;46.4;43.8;35.8;40.9;38.2;47.2;36.8;43.5;33.3;31.2;28.8;32.1;31.4;38.0;46.0;41.7;37.6;35.3;41.4;40.7;39.3;37.5;38.8;36.6;28.4;33.8;36.1;33.0;32.7;21.4;20.8;31.4;25.5;32.5;27.0;26.2;25.5;26.9;25.4;26.2;26.5;26.3;29.8;24.9;28.3;27.9;26.1;26.5;23.9;30.2;28.9;27.3;25.3;22.6;20.7;23.4;22.2;20.6;19.0;18.9;21.1;18.1;19.1;22.0;21.3;19.7;19.5;20.6;18.1;19.1;20.9;19.8;20.4;19.5;19.8;19.2;17.8;18.9;17.8;16.9;18.3;18.8;21.6;18.6;19.1;20.0;17.3;14.7;14.5;10.1;12.5;17.0;19.3;17.2;18.4;18.9;19.9;21.1;21.2;20.1;19.6;19.1;18.8;19.0;22.1;20.1;19.9;16.9;16.1;18.6;20.5;18.7;18.9;17.2;16.2;15.8;16.2;16.9;17.1;20.5;19.4;18.1;18.1;16.3;16.0;15.9;16.1;16.8;17.4;17.7;18.1;17.3;16.8;16.4;16.6;17.1;17.0;14.9;15.0;14.7;8.9;13.5;14.4;13.7;15.8;14.6;13.7;;;;;;;;;;;;;;;14.9;;;;;;;;;;27.1;;;;;;;;;;28.4;;;;;;;;;;32.2;;;;;;;;;;18.9;16.9;16.9;15.7;15.2;13.8;12.9;12.1;12.3;11.8;12.4;12.2;11.7;10.5;10.1;9.8;9.8;9.0;9.2;9.6;10.0;10.6;11.2;10.3;10.6;10.3;9.4;9.2;8.7;8.4;8.4
fji;teen_fertility_rate_births_per_1000_women_ages_15_19;;;;;;;;;;;;;;;;;;;;;;;;;;;;;;;;;;;;;;;;;;;;;;;;;;;;;;;;;;;;;;;;;;;;;;;;;;;;;;;;;;;;;;;;;;;;;;;;;;;;;;;;;;;;;;;;;;;;;;;;;;;;;;;;;;;;;;;;;;;;;;;;;;;;;;;;;;;;;;;;;;;;;;;;;;;;;;;;;;;;;;;;;;;;;;;;;;;;;;;;;;;;;;;;;;;;;;;;;;;;58.6;56.6;57.0;56.0;51.5;52.2;47.6;45.8;44.94;44.08;43.22;42.36;41.5;42.25;43.0;43.75;44.49;45.24;44.75;44.26;43.77
flk;teen_fertility_rate_births_per_1000_women_ages_15_19;;;;;;;;;;;;;;;;;;;;;;;;;;;;;;;;;;;;;;;;;;;;;;;;;;;;;;;;;;;;;;;;;;;;;;;;;;;;;;;;;;;;;;;;;;;;;;;;;;;;;;;;;;;;;;;;;;;;;;;;;;;;;;;;;;;;;;;;;;;;;;;;;;;;;;;;;;;;;;;;;;;;;;;;;;;;;;;;;;;;;;;;;;;;;;;;;;;;;;;;;;;;;;;;;;;;;;;;;;;;;62.5;50.6;;;;;;;;;;;;;;;;;;
fra;teen_fertility_rate_births_per_1000_women_ages_15_19;;;;;;;;;;;;;;;;;;;;;;;;;;;;;;;;;;;;;;;;;;;;;;;;;;;;;;;;;;;;;;;;;;;;;;;;;;;;;;;;;;;;;;;;;;;;;;;;;;;;;;;;;;;;;;;;;;;;;;;;;;;;;;;;;;;19.54;19.92;19.4;19.42;19.7;19.94;19.42;19.96;19.96;20.16;19.32;20.1;20.36;17.92;11.04;8.12;8.44;9.18;8.34;15.54;18.82;17.6;17.82;18.26;19.48;20.18;19.66;20.14;19.82;21.26;21.66;21.32;20.92;22.22;22.62;23.44;22.54;21.34;20.62;15.36;12.86;15.06;18.5;18.4;19.44;20.84;23.68;23.84;24.2;24.06;22.88;22.26;21.74;21.42;21.14;21.5;20.6;21.4;23.4;24.74;25.9;25.84;27.62;28.4;28.56;27.24;26.0;25.9;26.2;26.88;28.12;29.5;29.28;27.76;25.34;23.02;22.14;19.8;18.2;17.88;16.44;15.3;13.54;12.76;11.4;10.8;10.0;9.34;8.96;8.76;8.74;8.3;7.92;7.3;7.08;7.04;7.06;7.02;7.42;8.02;8.34;8.06;7.72;7.74;7.52;7.337999999999999;7.167999999999999;6.943;6.7170000000000005;6.492000000000001
fro;teen_fertility_rate_births_per_1000_women_ages_15_19;;;;;;;;;;;;;;;;;;;;;;;;;;;;;;;;;;;;;;;;;;;;;;;;;;;;;;;;;;;;;;;;;;;;;;;;;;;;;;;;;;;;;;;;;;;;;;;;;;;;;;;;;;;;;;;;;;;;;;;;;;;;;;;;;;;;;;;;;;;;;;;;;;;;;;;;;;;;;;;;;;;;;;;;;;;;;;;;;;;;;;;;;;;;;;;;;;;;;;;;;;;;;;;;;;;;;;;;;;;;54.7;28.2;33.0;34.1;31.1;22.2;16.5;18.9;24.4;17.1;18.3;13.6;15.2;16.3;15.5;11.1;10.6;11.3;;;
fsm;teen_fertility_rate_births_per_1000_women_ages_15_19;;;;;;;;;;;;;;;;;;;;;;;;;;;;;;;;;;;;;;;;;;;;;;;;;;;;;;;;;;;;;;;;;;;;;;;;;;;;;;;;;;;;;;;;;;;;;;;;;;;;;;;;;;;;;;;;;;;;;;;;;;;;;;;;;;;;;;;;;;;;;;;;;;;;;;;;;;;;;;;;;;;;;;;;;;;;;;;;;;;;;;;;;;;;;;;;;;;;;;;;;;;;;;;;;;;;;;;;;;;;;;;;;;;44.82;42.71;40.6;38.49;36.37;34.26;32.5;30.73;28.96;27.19;25.43;24.03;22.64;21.24
gab;teen_fertility_rate_births_per_1000_women_ages_15_19;;;;;;;;;;;;;;;;;;;;;;;;;;;;;;;;;;;;;;;;;;;;;;;;;;;;;;;;;;;;;;;;;;;;;;;;;;;;;;;;;;;;;;;;;;;;;;;;;;;;;;;;;;;;;;;;;;;;;;;;;;;;;;;;;;;;;;;;;;;;;;;;;;;;;;;;;;;;;;;;;;;;;;;;;;;;;;;;;;;;;;;;;;;;;;;;;;;;;;;;;;;;;;;;;;;;;;;;;;;;;;;162.0;;;;130.1;125.5;120.9;116.3;111.7;107.0;103.6;100.2;96.77;93.34;89.91;88.14;86.36;84.59
gbr;teen_fertility_rate_births_per_1000_women_ages_15_19;;;;;;;;;;;;;;;;;;;;;;;;;;;;;;;;;;;;;;;;;;;;;;;;;;;;;;;;;;;;;;;;;;;;;;;;;;;;;;;;;;;;;;;;;;;;;;;;;;;;;;;;;;;;;;;;;;;;;;;;;;;;;;;;;;;;;;;;;;;;;;;;;;;;;;;;;;;;;;;;;;;;;;;;14.7;16.0;15.3;15.0;15.2;15.7;16.4;17.2;16.8;19.3;21.4;22.7;22.2;21.3;21.3;22.0;22.7;23.5;27.3;29.7;31.1;31.6;34.2;37.3;39.2;40.1;42.5;45.1;47.7;48.9;49.0;49.6;49.6;50.6;48.0;43.9;40.5;36.4;32.2;29.4;29.4;30.3;30.4;28.2;27.4;26.9;27.6;29.4;30.1;30.9;32.5;32.0;33.3;33.0;31.7;30.9;28.9;28.5;29.7;30.2;30.9;30.9;29.3;28.0;27.0;27.53;28.06;28.59;29.11;29.64;29.66;29.68;29.7
geo;teen_fertility_rate_births_per_1000_women_ages_15_19;;;;;;;;;;;;;;;;;;;;;;;;;;;;;;;;;;;;;;;;;;;;;;;;;;;;;;;;;;;;;;;;;;;;;;;;;;;;;;;;;;;;;;;;;;;;;;;;;;;;;;;;;;;;;;;;;;;;;;;;;;;;;;;;;;;;;;;;;;;;;;;;;;;;;;;;;;;;;;;;;;;;;;;;;;;;;;;;;;;;;;;;;;;;;;;;;;;;;;;;;;;;;;;;;;;;;;;;;;;;58.1;;;;;64.2;59.7;60.54;58.13;55.72;53.3;50.89;48.47;47.71;46.94;46.18;45.42;44.65;43.62;42.59;41.56
gha;teen_fertility_rate_births_per_1000_women_ages_15_19;;;;;;;;;;;;;;;;;;;;;;;;;;;;;;;;;;;;;;;;;;;;;;;;;;;;;;;;;;;;;;;;;;;;;;;;;;;;;;;;;;;;;;;;;;;;;;;;;;;;;;;;;;;;;;;;;;;;;;;;;;;;;;;;;;;;;;;;;;;;;;;;;;;;;;;;;;;;;;;;;;;;;;;;;;;;;;;;;;;;;;;;;;;;;;154.9;;;;;;;;162.8;;;;;;;;;;;;;;;;;;;;;;;;;;;;;90.14;88.11;86.06;84.03;81.98;79.94;78.18;76.41;74.64;72.87;71.11;69.36;67.61;65.87
gib;teen_fertility_rate_births_per_1000_women_ages_15_19;;;;;;;;;;;;;;;;;;;;;;;;;;;;;;;;;;;;;;;;;;;;;;;;;;;;;;;;;;;;;;;;;;;;;;;;;;;;;;;;;;;;;;;;;;;;;;;;;;;;;;;;;;;;;;;;;;;;;;;;;;;;;;;;;;;;;;;;;;;;;;;;;;;;;;;;;;;;;;;;;;;;;;;;;;;;;;;;;;;;;;;;;;;;;;;;;;;;;;;;;;;;;;;;;;;;;;;;;;;;;;;;;32.9;21.8;20.9;;;;24.2;26.9;;;;;;;;
gin;teen_fertility_rate_births_per_1000_women_ages_15_19;;;;;;;;;;;;;;;;;;;;;;;;;;;;;;;;;;;;;;;;;;;;;;;;;;;;;;;;;;;;;;;;;;;;;;;;;;;;;;;;;;;;;;;;;;;;;;;;;;;;;;;;;;;;;;;;;;;;;;;;;;;;;;;;;;;;;;;;;;;;;;;;;;;;;;;;;;;;;;;;;;;;;;;;;;;;;;;;;;;;;;;;239.7;;;;;;;;;;;;;;;;;;;;;;;;;;;;;;;;;;;;;;;;;;;174.4;172.7;170.9;169.2;167.4;165.7;164.0;162.4;160.7;159.1;157.4;152.6;147.9;143.2
glp;teen_fertility_rate_births_per_1000_women_ages_15_19;;;;;;;;;;;;;;;;;;;;;;;;;;;;;;;;;;;;;;;;;;;;;;;;;;;;;;;;;;;;;;;;;;;;;;;;;;;;;;;;;;;;;;;;;;;;;;;;;;;;;;;;;;;;;;;;;;;;;;;;;;;;;;;;;;;;;;;;;;;;;;;;;;;;;;;;;;;;;;;;;;;;;;;;;;;;;;;;;;;;;;;;;;;;;;;;;;;;;;;;;;;;;;;;;;;;;;;;;;;;;34.8;;;;;;;;31.1;32.9;31.5;26.3;27.7;20.5;;;;;;
gmb;teen_fertility_rate_births_per_1000_women_ages_15_19;;;;;;;;;;;;;;;;;;;;;;;;;;;;;;;;;;;;;;;;;;;;;;;;;;;;;;;;;;;;;;;;;;;;;;;;;;;;;;;;;;;;;;;;;;;;;;;;;;;;;;;;;;;;;;;;;;;;;;;;;;;;;;;;;;;;;;;;;;;;;;;;;;;;;;;;;;;;;;;;;;;;;;;;;;;;;;;;;;;;;;;;;;;;;;;;;;;;;;;;;;;;;;;;;;;;;;;;;;;;;;;167.3;;;;130.9;125.3;119.7;114.0;108.4;102.8;97.59;92.34;87.08;81.83;76.58;74.64;72.69;70.75
gnb;teen_fertility_rate_births_per_1000_women_ages_15_19;;;;;;;;;;;;;;;;;;;;;;;;;;;;;;;;;;;;;;;;;;;;;;;;;;;;;;;;;;;;;;;;;;;;;;;;;;;;;;;;;;;;;;;;;;;;;;;;;;;;;;;;;;;;;;;;;;;;;;;;;;;;;;;;;;;;;;;;;;;;;;;;;;;;;;;;;;;;;;;;;;;;;;;;;;;;;;;;;;;;;;;;;;;;;;;;;;;;;;;;;;;;;;;;;;;;;;;;;;;;;;;;;;;147.3;144.0;140.6;137.3;134.0;130.6;126.7;122.8;118.9;115.0;111.1;108.1;105.1;102.1
gnq;teen_fertility_rate_births_per_1000_women_ages_15_19;;;;;;;;;;;;;;;;;;;;;;;;;;;;;;;;;;;;;;;;;;;;;;;;;;;;;;;;;;;;;;;;;;;;;;;;;;;;;;;;;;;;;;;;;;;;;;;;;;;;;;;;;;;;;;;;;;;;;;;;;;;;;;;;;;;;;;;;;;;;;;;;;;;;;;;;;;;;;;;;;;;;;;;;;;;;;;;;;;;;;;;;;;;;;;;;;;;;;;;;;;;;;;;;;;;;;;;;;;;;;;;;;;;133.9;132.9;131.9;130.8;129.8;128.8;127.6;126.4;125.2;124.0;122.9;121.2;119.6;117.9
grc;teen_fertility_rate_births_per_1000_women_ages_15_19;;;;;;;;;;;;;;;;;;;;;;;;;;;;;;;;;;;;;;;;;;;;;;;;;;;;;;;;;;;;;;;;;;;;;;;;;;;;;;;;;;;;;;;;;;;;;;;;;;;;;;;;;;;;;;;;;;;;;;;;;;;;;;;;;;;;;;;;;;;;;;;;;;;;;;;;;;;;;;;;;;;;;;;;;;;;;;;;;;;;;;;;;;;;;;17.86;15.91;16.25;17.99;21.82;25.59;27.98;31.41;33.13;34.65;36.89;35.96;37.75;39.18;44.27;44.7;48.01;48.01;50.61;52.91;52.59;48.49;45.53;43.3;40.94;36.04;32.31;29.11;24.68;22.1;19.74;18.03;17.34;15.22;14.26;13.0;12.19;12.0;11.5;11.07;8.72;10.97;10.81;11.05;11.06;10.45;11.32;11.08;12.02;11.61;11.16
grd;teen_fertility_rate_births_per_1000_women_ages_15_19;;;;;;;;;;;;;;;;;;;;;;;;;;;;;;;;;;;;;;;;;;;;;;;;;;;;;;;;;;;;;;;;;;;;;;;;;;;;;;;;;;;;;;;;;;;;;;;;;;;;;;;;;;;;;;;;;;;;;;;;;;;;;;;;;;;;;;;;;;;;;;;;;;;;;;;;;;;;;;;;;;;;;;;;;;;;;;;;;;;;;;;;;;;;;;;;;;;;;;;;;;;;;;;;;;;;;;;;;;;;99.2;101.9;90.1;83.4;;;;61.47;59.4;57.34;55.28;53.22;51.15;49.4;47.66;45.91;44.16;42.41;41.01;39.62;38.22
grl;teen_fertility_rate_births_per_1000_women_ages_15_19;;;;;;;;;;;;;;;;;;;;;;;;;;;;;;;;;;;;;;;;;;;;;;;;;;;;;;;;;;;;;;;;;;;;;;;;;;;;;;;;;;;;;;;;;;;;;;;;;;;;;;;;;;;;;;;;;;;;;;;;;;;;;;;;;;;;;;;;;;;;;;;;;;;;;;;;;;;;;;;;;;;;;;;;;;;;;;;;;;45.0;55.0;56.0;70.0;71.0;78.0;85.0;87.0;85.0;75.0;86.0;79.0;113.0;123.0;111.0;115.0;137.0;145.0;131.0;121.0;116.0;130.0;106.0;63.0;104.0;81.0;67.0;71.0;69.0;70.4;64.0;66.0;69.8;70.8;69.6;62.4;63.8;71.4;74.0;62.2;81.4;75.4;70.8;85.8;90.4;88.8;81.0;74.2;82.4;97.4;94.6;90.6;79.6;80.4;70.2;67.6;61.8;70.2;57.6;54.6;53.2;63.0;50.9
gtm;teen_fertility_rate_births_per_1000_women_ages_15_19;;;;;;;;;;;;;;;;;;;;;;;;;;;;;;;;;;;;;;;;;;;;;;;;;;;;;;;;;;;;;;;;;;;;;;;;;;;;;;;;;;;;;;;;;;;;;;;;;;;;;;;;;;;;;;;;;;;;;;;;;;;;;;;;;;;;;;;;;;;;;;;;;;;;;;;;;;;;;;;;;;;;;;;;;;;;;;;;;;;;;;173.9;;;;;165.6;;;;;161.4;;;;;149.7;;;;;143.0;;;;;144.6;;;;;141.9;;;;;133.7;;;119.7;120.4;118.5;120.0;122.2;119.1;121.3;121.1;120.0;118.8;117.7;116.5;115.4;113.8;112.1;110.5;108.8;107.2;106.2;105.3;104.3
guf;teen_fertility_rate_births_per_1000_women_ages_15_19;;;;;;;;;;;;;;;;;;;;;;;;;;;;;;;;;;;;;;;;;;;;;;;;;;;;;;;;;;;;;;;;;;;;;;;;;;;;;;;;;;;;;;;;;;;;;;;;;;;;;;;;;;;;;;;;;;;;;;;;;;;;;;;;;;;;;;;;;;;;;;;;;;;;;;;;;;;;;;;;;;;;;;;;;;;;;;;;;;;;;;;;;;;;;;;;;;;;;;;;;;;;;;;;;;;;;;;;;;;;;;;;;;103.2;;113.0;126.7;124.8;114.9;110.4;103.6;84.4;86.5;86.7;83.5;;;
gum;teen_fertility_rate_births_per_1000_women_ages_15_19;;;;;;;;;;;;;;;;;;;;;;;;;;;;;;;;;;;;;;;;;;;;;;;;;;;;;;;;;;;;;;;;;;;;;;;;;;;;;;;;;;;;;;;;;;;;;;;;;;;;;;;;;;;;;;;;;;;;;;;;;;;;;;;;;;;;;;;;;;;;;;;;;;;;;;;;;;;;;;;;;;;;;;;;;;;;;;;;;;;;;;;;;;;;;;;;;;;;;;;;;;;;;;;;;;;;;;;;;;;;93.2;95.4;107.6;;;;;78.24;73.49;68.73;63.98;59.22;54.47;53.89;53.3;52.71;52.13;51.54;51.24;50.94;50.64
guy;teen_fertility_rate_births_per_1000_women_ages_15_19;;;;;;;;;;;;;;;;;;;;;;;;;;;;;;;;;;;;;;;;;;;;;;;;;;;;;;;;;;;;;;;;;;;;;;;;;;;;;;;;;;;;;;;;;;;;;;;;;;;;;;;;;;;;;;;;;;;;;;;;;;;;;;;;;;;;;;;;;;;;;;;;;;;;;;;;;;;;;;;;;;;;;;;;;;;;;;;;;;;;;;;;;;;;;;;;;;;;;;;;;;;;;;;;;;;;;;;;;;;;95.5;83.0;;;;;;73.93;75.62;77.3;78.99;80.67;82.36;79.55;76.74;73.94;71.13;68.32;65.44;62.56;59.68
hkg;teen_fertility_rate_births_per_1000_women_ages_15_19;;;;;;;;;;;;;;;;;;;;;;;;;;;;;;;;;;;;;;;;;;;;;;;;;;;;;;;;;;;;;;;;;;;;;;;;;;;;;;;;;;;;;;;;;;;;;;;;;;;;;;;;;;;;;;;;;;;;;;;;;;;;;;;;;;;;;;;;;;;;;;;;;;;;;;;;;;;;;;;;;;;;;;;;;;;;;;;;;;;;;;;;;;;;;;;;;;;;;;;;;;;;;;;;;;;;;;;;;;;;5.8;6.1;6.1;6.5;6.4;5.9;5.7;5.001;4.801;4.6;4.4;4.199;3.9989999999999997;3.839;3.68;3.52;3.361;3.201;3.404;3.6069999999999998;3.8110000000000004
hnd;teen_fertility_rate_births_per_1000_women_ages_15_19;;;;;;;;;;;;;;;;;;;;;;;;;;;;;;;;;;;;;;;;;;;;;;;;;;;;;;;;;;;;;;;;;;;;;;;;;;;;;;;;;;;;;;;;;;;;;;;;;;;;;;;;;;;;;;;;;;;;;;;;;;;;;;;;;;;;;;;;;;;;;;;;;;;;;;;;;;;;;;;;;;;;;;;;;;;;;;;;;;;;;;160.5;;;;;160.5;;;;;158.7;;;;;158.8;;;;;150.8;;;;;146.2;;;;;140.0;;;;;133.5;;;;;126.5;;;;;114.6;112.2;109.8;107.3;104.9;102.5;100.6;98.74;96.86;94.98;93.1;91.65;90.21;88.76
hrv;teen_fertility_rate_births_per_1000_women_ages_15_19;;;;;;;;;;;;;;;;;;;;;;;;;;;;;;;;;;;;;;;;;;;;;;;;;;;;;;;;;;;;;;;;;;;;;;;;;;;;;;;;;;;;;;;;;;;;;;;;;;;;;;;;;;;;;;;;;;;;;;;;;;;;;;;;;;;;;;;;;;;;;;;;;;;;;;;;;;;;;;;;;;;;;;;;;;;;;;;;;;;;;;;;;;;;;;;;;;;;;;;;;;;;;;;;;;;;;;;;;;;;29.6;26.9;22.8;20.7;19.9;18.8;19.9;17.8;17.11;16.42;15.73;15.04;14.36;14.18;14.0;13.82;13.64;13.46;13.33;13.19;13.06
hti;teen_fertility_rate_births_per_1000_women_ages_15_19;;;;;;;;;;;;;;;;;;;;;;;;;;;;;;;;;;;;;;;;;;;;;;;;;;;;;;;;;;;;;;;;;;;;;;;;;;;;;;;;;;;;;;;;;;;;;;;;;;;;;;;;;;;;;;;;;;;;;;;;;;;;;;;;;;;;;;;;;;;;;;;;;;;;;;;;;;;;;;;;;;;;;;;;;;;;;;;;;;;;;;76.8;;;;;76.8;;;;;76.8;;;;;73.2;;;;;65.7;;;;;67.0;;;;;90.0;;;;;91.0;;;;;76.0;;;;;61.8;59.94;58.08;56.22;54.36;52.5;51.28;50.06;48.84;47.62;46.4;45.37;44.34;43.31
hun;teen_fertility_rate_births_per_1000_women_ages_15_19;;;;;;;;;;;;;;;;;;;;;;;;;;;;;;;;;;;;;;;;;;;;;;;;;;;;;;;;;;;;;;;;;;;;;;;;;;;;;;;;;;;;;;;;;;;;;;;;;;;;;;;;;;;;;;;;;;;;;;;;;;;;;;;;;;;;;;;;;;;;;;;;;;;;;;;;;;;;;;;;;;;;;;;;;;;;;;;;;;;;50.3;50.81;47.56;49.27;51.95;54.68;55.53;56.52;55.53;54.56;53.06;51.59;45.89;43.3;43.9;45.64;47.71;51.57;53.02;54.28;52.75;52.81;52.9;53.67;61.39;67.3;70.96;70.51;70.55;70.67;67.26;63.15;60.12;55.68;54.92;53.94;50.08;47.49;44.8;42.33;42.48;41.26;37.78;34.47;32.46;30.28;28.21;26.24;24.53;22.3;22.7;21.68;21.3;20.4;20.41;19.69;19.7;19.36;19.9;19.15;18.41
idn;teen_fertility_rate_births_per_1000_women_ages_15_19;;;;;;;;;;;;;;;;;;;;;;;;;;;;;;;;;;;;;;;;;;;;;;;;;;;;;;;;;;;;;;;;;;;;;;;;;;;;;;;;;;;;;;;;;;;;;;;;;;;;;;;;;;;;;;;;;;;;;;;;;;;;;;;;;;;;;;;;;;;;;;;;;;;;;;;;;;;;;;;;;;;;;;;;;;;;;;;;;;;;;;;;;;;;;;;150.0;;;;;;;;;;;;;;;;;;;;;;;;;;;;;;;;;;;;47.85;48.09;48.33;48.57;48.81;49.05;48.27;47.48;46.69;45.91;45.12;44.56;44.01;43.45
ind;teen_fertility_rate_births_per_1000_women_ages_15_19;;;;;;;;;;;;;;;;;;;;;;;;;;;;;;;;;;;;;;;;;;;;;;;;;;;;;;;;;;;;;;;;;;;;;;;;;;;;;;;;;;;;;;;;;;;;;;;;;;;;;;;;;;;;;;;;;;;178.0;;;;;;;;;;174.0;;;;;;;;;;170.0;;;;;;;;;;167.0;;;;;;;;;;173.0;;;;;;;;;;167.0;;;;;;;;;;148.0;;;;;;;;;;146.0;;;;;;;;;;;;;;;;;;;;;;;;;;;;;;;;;;;;;;;;;;116.1;112.6;109.1;105.6;102.1;98.64;96.18;93.72;91.26;88.8;86.34;84.0;81.67;79.33
irl;teen_fertility_rate_births_per_1000_women_ages_15_19;;;;;;;;;;;;;;;;;;;;;;;;;;;;;;;;;;;;;;;;;;;;;;;;;;;;;;;;;;;;;;;;;;;;;;;;;;;;;;;;;;;;;;;;;;;;;;;;;;;;;;;;;;;;;;;;;;;;;;;;;;;;;;;;;;;;;;;;;;;;;;;;;;;;;;;;;;;;;;;;;;;;;;;;;;;;;;;;;;;;;;;;;11.1;10.71;10.99;9.508;10.26;11.34;11.61;12.84;13.65;14.41;15.46;14.92;15.56;15.0;16.62;17.88;20.45;22.31;23.28;23.89;24.5;23.6;22.98;23.49;24.14;23.69;22.88;21.15;19.21;18.72;17.3;17.16;16.81;16.1;15.44;17.03;17.51;17.18;16.6;15.45;15.56;17.26;17.77;19.36;20.12;19.25;19.52;19.18;18.87;16.99;16.54;16.24;17.78;17.53;16.35;15.06
irn;teen_fertility_rate_births_per_1000_women_ages_15_19;;;;;;;;;;;;;;;;;;;;;;;;;;;;;;;;;;;;;;;;;;;;;;;;;;;;;;;;;;;;;;;;;;;;;;;;;;;;;;;;;;;;;;;;;;;;;;;;;;;;;;;;;;;;;;;;;;;;;;;;;;;;;;;;;;;;;;;;;;;;;;;;;;;;;;;;;;;;;;;;;;;;;;;;;;;;;;;;;;;;;;;;;;;;;;;;;;;;;;;;;;;;;;;;;;;;;;;;;;;;93.8;91.8;89.5;78.0;66.5;59.0;47.7;48.42;45.44;42.45;39.47;36.49;33.5;32.7;31.89;31.08;30.28;29.47;28.57;27.68;26.78
irq;teen_fertility_rate_births_per_1000_women_ages_15_19;;;;;;;;;;;;;;;;;;;;;;;;;;;;;;;;;;;;;;;;;;;;;;;;;;;;;;;;;;;;;;;;;;;;;;;;;;;;;;;;;;;;;;;;;;;;;;;;;;;;;;;;;;;;;;;;;;;;;;;;;;;;;;;;;;;;;;;;;;;;;;;;;;;;;;;;;;;;;;;;;;;;;;;;;;;;;;;;;;;;;;;;;;;;;;;;;;;;;;;;;;;;;;;;;;;;;;;;;;;;;;;;;;;57.09;59.92;62.75;65.58;68.42;71.25;76.59;81.94;87.28;92.62;97.97;95.55;93.14;90.72
isl;teen_fertility_rate_births_per_1000_women_ages_15_19;;;;;;;;;;;;;;;;;;;;;;;;;;;;;;;;;;;;;;;;;;;;;;;;;;;;;;;;;;;;;;;;;;;;;;;;;;;;;;;;;;;13.4;;13.6;10.9;9.2;15.5;10.3;10.0;12.0;9.3;5.3;9.2;6.8;6.3;9.8;6.1;6.5;3.7;5.5;4.0;4.0;9.7;4.7;7.8;5.1;10.1;5.2;7.1;7.8;8.5;6.3;7.1;8.4;7.0;7.7;7.7;9.5;7.6;7.9;9.0;9.8;8.9;9.3;9.9;10.3;13.1;10.1;11.4;9.5;9.9;10.5;10.9;11.2;10.9;11.7;7.5;10.2;10.5;13.5;11.3;9.2;11.2;11.0;13.6;13.5;15.5;11.9;14.8;11.1;14.1;13.5;10.8;16.5;12.4;15.1;15.8;16.6;22.5;23.0;27.4;25.5;26.0;26.4;28.8;24.4;27.2;19.4;24.2;29.6;40.1;43.8;42.9;42.6;49.1;52.0;50.3;60.4;68.6;64.7;61.0;65.0;76.5;85.6;86.7;82.3;82.1;85.2;87.4;81.4;79.8;83.4;87.3;86.7;92.6;82.9;77.1;81.3;73.7;71.8;76.0;69.9;66.2;64.1;60.4;56.4;57.6;54.8;57.7;49.2;48.1;39.8;36.8;33.7;30.7;29.6;32.4;29.8;30.4;27.9;26.5;23.0;23.2;23.4;22.1;24.5;24.1;23.8;22.8;19.7;18.2;16.4;13.0;15.1;14.4;14.2;14.6;14.3;12.9
isr;teen_fertility_rate_births_per_1000_women_ages_15_19;;;;;;;;;;;;;;;;;;;;;;;;;;;;;;;;;;;;;;;;;;;;;;;;;;;;;;;;;;;;;;;;;;;;;;;;;;;;;;;;;;;;;;;;;;;;;;;;;;;;;;;;;;;;;;;;;;;;;;;;;;;;;;;;;;;;;;;;;;;;;;;;;;;;;;;;;;;;;;;;;;;;;;;;;;;;;;;;;;;;;;;;;;;;;;;;;;;;;;;;;;;;;;;;;;;;;;;;;;;;20.1;21.1;20.7;19.8;19.1;18.6;18.4;17.66;17.33;17.01;16.69;16.37;16.04;15.64;15.24;14.84;14.44;14.04;14.03;14.03;14.03
ita;teen_fertility_rate_births_per_1000_women_ages_15_19;;;;;;;;;;;;;;;;;;;;;;;;;;;;;;;;;;;;;;;;;;;;;;;;;;;;;;;;;;;;;;;;;;;;;;;;;;;;;;;;;;;;;;;;;;;;;;;;;;;;;;;;;;;;;;;;;;;;;;;;;;;;;;;;;;;;;;;;;;;;;;;;;;;;;;;;;;;;;;;;;;;;;;;;;;;;;;;;;;;;;;;;;;;;;;18.85;18.94;18.89;20.42;23.29;24.61;25.18;24.82;25.77;25.37;26.53;27.58;29.55;30.33;32.47;31.79;30.21;26.65;24.78;22.6;19.91;17.89;16.83;15.25;13.96;12.16;10.55;9.81;9.8;9.24;8.67;8.21;7.61;7.81;7.26;6.97;6.69;5.52;5.96;6.91;7.15;6.88;7.03;6.8;6.98;6.84;6.7;6.66;7.04;6.79;6.56
jam;teen_fertility_rate_births_per_1000_women_ages_15_19;;;;;;;;;;;;;;;;;;;;;;;;;;;;;;;;;;;;;;;;;;;;;;;;;;;;;;;;;;;;;;;;;;;;;;;;;;;;;;;;;;;;;;;;;;;;;;;;;;;;;;;;;;;;;;;;;;;;;;;;;;;;;;;;;;;;;;;;;;;;;;;;;;;;;;;;;;;;;;;;;;;;;;;;;;;;;;;;;;;;;;;;;;;;;;;;;;;;;;;;;;;;;;;;;;;;;;;;;;;;;;;;;;;93.45;91.85;90.25;88.65;87.05;85.45;83.82;82.19;80.57;78.94;77.31;75.79;74.28;72.76
jor;teen_fertility_rate_births_per_1000_women_ages_15_19;;;;;;;;;;;;;;;;;;;;;;;;;;;;;;;;;;;;;;;;;;;;;;;;;;;;;;;;;;;;;;;;;;;;;;;;;;;;;;;;;;;;;;;;;;;;;;;;;;;;;;;;;;;;;;;;;;;;;;;;;;;;;;;;;;;;;;;;;;;;;;;;;;;;;;;;;;;;;;;;;;;;;;;;;;;;;;;;;;;;;;;;;;;;;;;;;;;;;;;;;;;;;;;;;;;;;;;;;;;;;;;;;44.8;;40.59;38.67;36.75;34.83;32.91;30.99;30.09;29.19;28.29;27.39;26.49;25.93;25.37;24.81
jpn;teen_fertility_rate_births_per_1000_women_ages_15_19;;;;;;;;;;;;;;;;;;;;;;;;;;;;;;;;;;;;;;;;;;;;;;;;;;;;;;;;;;;;;;;;;;;;;;;;;;;;;;;;;;;;;;;;;;;;;;;;;;;;;;;;;;;;;;;;;;;;;;;;;;;;;;;;;;;;;;;;;;;;;;;;;;;;;;;;;;;41.2;;;;;30.2;;;;;;;18.1;15.0;12.7;12.2;;;;;;;14.9;17.5;16.0;13.3;10.7;8.8;7.4;6.5;5.9;5.1;4.4;4.0;4.1;4.3;4.4;4.1;3.8;3.3;3.3;3.6;4.3;4.3;4.4;4.5;4.7;4.9;5.0;4.7;4.1;3.7;3.4;3.5;3.5;3.6;3.9;4.1;4.4;4.5;4.1;3.8;3.7;3.6;3.5;3.6;3.8;3.9;3.9;4.0;3.9;3.9;4.3;4.6;4.9;5.4;5.9;6.2;5.8;5.7;5.334;5.178999999999999;5.024;5.225;5.4270000000000005;5.627999999999999
kaz;teen_fertility_rate_births_per_1000_women_ages_15_19;;;;;;;;;;;;;;;;;;;;;;;;;;;;;;;;;;;;;;;;;;;;;;;;;;;;;;;;;;;;;;;;;;;;;;;;;;;;;;;;;;;;;;;;;;;;;;;;;;;;;;;;;;;;;;;;;;;;;;;;;;;;;;;;;;;;;;;;;;;;;;;;;;;;;;;;;;;;;;;;;;;;;;;;;;;;;;;;;;;;;;;;;;;;;;;;;;;;;;;;;;;;;;;;;;;;;;;;;;;;51.0;53.6;52.0;53.1;55.0;50.8;45.3;40.04;37.71;35.39;33.06;30.73;28.41;28.73;29.05;29.37;29.69;30.01;29.11;28.21;27.3
ken;teen_fertility_rate_births_per_1000_women_ages_15_19;;;;;;;;;;;;;;;;;;;;;;;;;;;;;;;;;;;;;;;;;;;;;;;;;;;;;;;;;;;;;;;;;;;;;;;;;;;;;;;;;;;;;;;;;;;;;;;;;;;;;;;;;;;;;;;;;;;;;;;;;;;;;;;;;;;;;;;;;;;;;;;;;;;;;;;;;;;;;;;;;;;;;;;;;;;;;;;;;;;;;;;;;;;;;;;;;;;;;;;;;;;;;;168.0;;;;;;;;;;152.0;;;;;110.0;;;;;;105.7;105.4;105.1;104.8;104.5;104.2;103.4;102.6;101.8;101.0;100.2;99.8;99.37;98.94
kgz;teen_fertility_rate_births_per_1000_women_ages_15_19;;;;;;;;;;;;;;;;;;;;;;;;;;;;;;;;;;;;;;;;;;;;;;;;;;;;;;;;;;;;;;;;;;;;;;;;;;;;;;;;;;;;;;;;;;;;;;;;;;;;;;;;;;;;;;;;;;;;;;;;;;;;;;;;;;;;;;;;;;;;;;;;;;;;;;;;;;;;;;;;;;;;;;;;;;;;;;;;;;;;;;;;;;;;;;;;;;;;;;;;;;;;;;;;;;;;;;;;;;;;45.3;50.1;54.0;57.0;53.3;54.5;53.1;37.62;36.4;35.17;33.95;32.72;31.5;32.01;32.52;33.03;33.55;34.06;33.85;33.64;33.43
khm;teen_fertility_rate_births_per_1000_women_ages_15_19;;;;;;;;;;;;;;;;;;;;;;;;;;;;;;;;;;;;;;;;;;;;;;;;;;;;;;;;;;;;;;;;;;;;;;;;;;;;;;;;;;;;;;;;;;;;;;;;;;;;;;;;;;;;;;;;;;;;;;;;;;;;;;;;;;;;;;;;;;;;;;;;;;;;;;;;;;;;;;;;;;;;;;;;;;;;;;;;;;;;;;;;;;;;;;;;;;;;;;;;;;;;;;;;;;;;;;;;;;;;;;;90.0;;;52.0;53.34;51.75;50.16;48.57;46.98;45.4;44.67;43.95;43.22;42.49;41.77;39.99;38.22;36.44
kir;teen_fertility_rate_births_per_1000_women_ages_15_19;;;;;;;;;;;;;;;;;;;;;;;;;;;;;;;;;;;;;;;;;;;;;;;;;;;;;;;;;;;;;;;;;;;;;;;;;;;;;;;;;;;;;;;;;;;;;;;;;;;;;;;;;;;;;;;;;;;;;;;;;;;;;;;;;;;;;;;;;;;;;;;;;;;;;;;;;;;;;;;;;;;;;;;;;;;;;;;;;;;;;;;;;;;;;;;;;;;;;;;;;;;;;;;;;;;;;;;;;;;;43.0;;;;;61.0;;;;;70.8;;;;;39.0;;;;;
kna;teen_fertility_rate_births_per_1000_women_ages_15_19;;;;;;;;;;;;;;;;;;;;;;;;;;;;;;;;;;;;;;;;;;;;;;;;;;;;;;;;;;;;;;;;;;;;;;;;;;;;;;;;;;;;;;;;;;;;;;;;;;;;;;;;;;;;;;;;;;;;;;;;;;;;;;;;;;;;;;;;;;;;;;;;;;;;;;;;;;;;;;;;;;;;;;;;;;;;;;;;;;;;;;;;;;;;;;;;;;;;;;;;;;;;;;;;;;;;;;;;;;;;82.4;80.3;78.2;64.7;72.6;58.1;66.8;60.2;63.8;63.3;65.7;67.4;;;;;;;;;
kor;teen_fertility_rate_births_per_1000_women_ages_15_19;;;;;;;;;;;;;;;;;;;;;;;;;;;;;;;;;;;;;;;;;;;;;;;;;;;;;;;;;;;;;;;;;;;;;;;;;;;;;;;;;;;;;;;;;;;;;;;;;;;;;;;;;;;;;;;;;;;;;;;;;;;;;;;;;;;;;;;;;;;;;;;;;;;;;;;;;;;;;;;;;;;;;;;;;;;;;;;;;;;;;;;;;;;;;;31.0;;;;;;17.0;;;;8.5;8.0;8.0;;;8.5;;;;;;;;;;;;;;;;;;;;;;2.952;2.801;2.6510000000000002;2.5;2.35;2.199;2.213;2.228;2.242;2.2569999999999997;2.271;2.9760000000000004;3.681;4.387
kwt;teen_fertility_rate_births_per_1000_women_ages_15_19;;;;;;;;;;;;;;;;;;;;;;;;;;;;;;;;;;;;;;;;;;;;;;;;;;;;;;;;;;;;;;;;;;;;;;;;;;;;;;;;;;;;;;;;;;;;;;;;;;;;;;;;;;;;;;;;;;;;;;;;;;;;;;;;;;;;;;;;;;;;;;;;;;;;;;;;;;;;;;;;;;;;;;;;;;;;;;;;;;;;;;;;;;;;;;;;;;;172.7;;;;;;;;;;;;;;;;;;;;;;;;;;8.8;16.8;25.7;28.4;31.4;31.7;26.87;24.72;22.57;20.41;18.26;16.11;15.65;15.18;14.72;14.26;13.79;13.91;14.04;14.16
lao;teen_fertility_rate_births_per_1000_women_ages_15_19;;;;;;;;;;;;;;;;;;;;;;;;;;;;;;;;;;;;;;;;;;;;;;;;;;;;;;;;;;;;;;;;;;;;;;;;;;;;;;;;;;;;;;;;;;;;;;;;;;;;;;;;;;;;;;;;;;;;;;;;;;;;;;;;;;;;;;;;;;;;;;;;;;;;;;;;;;;;;;;;;;;;;;;;;;;;;;;;;;;;;;;;;;;;;;;;;;;;;;;;;;;;;;;;;;;;;;;;;;;;;;;;;;;55.49;54.79;54.08;53.38;52.67;51.96;49.36;46.76;44.16;41.56;38.95;37.17;35.39;33.61
lbn;teen_fertility_rate_births_per_1000_women_ages_15_19;;;;;;;;;;;;;;;;;;;;;;;;;;;;;;;;;;;;;;;;;;;;;;;;;;;;;;;;;;;;;;;;;;;;;;;;;;;;;;;;;;;;;;;;;;;;;;;;;;;;;;;;;;;;;;;;;;;;;;;;;;;;;;;;;;;;;;;;;;;;;;;;;;;;;;;;;;;;;;;;;;;;;;;;;;;;;;;;;;;;;;;;;;;;;;;;;;;;;;;;;;;;;;;;;;;;;;;;;;;;;;;;;;;32.02;29.58;27.14;24.7;22.26;19.82;19.1;18.37;17.65;16.92;16.2;16.04;15.89;15.73
lbr;teen_fertility_rate_births_per_1000_women_ages_15_19;;;;;;;;;;;;;;;;;;;;;;;;;;;;;;;;;;;;;;;;;;;;;;;;;;;;;;;;;;;;;;;;;;;;;;;;;;;;;;;;;;;;;;;;;;;;;;;;;;;;;;;;;;;;;;;;;;;;;;;;;;;;;;;;;;;;;;;;;;;;;;;;;;;;;;;;;;;;;;;;;;;;;;;;;;;;;;;;;;;;;;;;;;;;188.0;;;;;;;;;;;;212.0;;;;;;;;;;;;;184.0;;;;;;;;;;;;;;152.2;151.0;149.7;148.5;147.3;146.1;145.4;144.7;144.0;143.3;142.6;138.6;134.7;130.8
lby;teen_fertility_rate_births_per_1000_women_ages_15_19;;;;;;;;;;;;;;;;;;;;;;;;;;;;;;;;;;;;;;;;;;;;;;;;;;;;;;;;;;;;;;;;;;;;;;;;;;;;;;;;;;;;;;;;;;;;;;;;;;;;;;;;;;;;;;;;;;;;;;;;;;;;;;;;;;;;;;;;;;;;;;;;;;;;;;;;;;;;;;;;;;;;;;;;;;;;;;;;;;;;;;;;;;;;;119.0;;;;;;;;;;;;129.0;;;;;;;;;;;;;;;;;;;;;;;;;;4.68;4.512;4.343999999999999;4.176;4.008;3.84;3.7039999999999997;3.568;3.432;3.2960000000000003;3.16;3.0389999999999997;2.918;2.7960000000000003
lca;teen_fertility_rate_births_per_1000_women_ages_15_19;;;;;;;;;;;;;;;;;;;;;;;;;;;;;;;;;;;;;;;;;;;;;;;;;;;;;;;;;;;;;;;;;;;;;;;;;;;;;;;;;;;;;;;;;;;;;;;;;;;;;;;;;;;;;;;;;;;;;;;;;;;;;;;;;;;;;;;;;;;;;;;;;;;;;;;;;;;;;;;;;;;;;;;;;;;;;;;;;;;;;;;;;;;;;;;;;;;;;;;;;;;;;;;;;;;;;;;;;;;;98.8;98.1;98.0;87.5;87.7;90.0;69.5;69.81;68.23;66.66;65.09;63.52;61.95;61.89;61.83;61.77;61.71;61.65;60.5;59.34;58.18
lie;teen_fertility_rate_births_per_1000_women_ages_15_19;;;;;;;;;;;;;;;;;;;;;;;;;;;;;;;;;;;;;;;;;;;;;;;;;;;;;;;;;;;;;;;;;;;;;;;;;;;;;;;;;;;;;;;;;;;;;;;;;;;;;;;;;;;;;;;;;;;;;;;;;;;;;;;;;;;;;;;;;;;;;;;;;;;;;;;;;;;;;;;;;;;;;;;;;;;;;;;;;;;;;;;;;;;;;;;;;;;;;;;;;;;;;;;;;;;;;;;;;;;;;;;8.2;9.3;9.3;9.3;2.0;;6.9;5.9;8.8;4.0;9.0;4.0;7.1;3.9;;;;
lka;teen_fertility_rate_births_per_1000_women_ages_15_19;;;;;;;;;;;;;;;;;;;;;;;;;;;;;;;;;;;;;;;;;;;;;;;;;;;;;;;;;;;;;;;;;;;;;;;;;;;;;;;;;;;;;;;;;;;;;;;;;;;;;;;;;;;;;;;;;;;;;;;;;;;;;;;;;;;;;;;;;;;;;;;;;;;;;;;;;;;;;;;;;;;;;;;;;;;;;;;;;;;;;;;;;;;;;;;;;52.0;;;;;;;;;;;;31.0;;;;;;;;;;;;38.0;;;;35.0;30.5;30.5;32.1;;;30.7;30.0;30.4;30.8;30.3;29.8;29.1;28.0;;24.3;23.58;23.28;22.98;22.68
lso;teen_fertility_rate_births_per_1000_women_ages_15_19;;;;;;;;;;;;;;;;;;;;;;;;;;;;;;;;;;;;;;;;;;;;;;;;;;;;;;;;;;;;;;;;;;;;;;;;;;;;;;;;;;;;;;;;;;;;;;;;;;;;;;;;;;;;;;;;;;;;;;;;;;;;;;;;;;;;;;;;;;;;;;;;;;;;;;;;;;;;;;;;;;;;;;;;;;;;;;;;;;;;;;;;;;;;;;;;;;;;;;;;;;;;;;;;;;;;;;;;;;;;;;;;;;;94.02;93.13;92.25;91.36;90.48;89.59;86.37;83.14;79.91;76.69;73.46;70.93;68.39;65.85
ltu;teen_fertility_rate_births_per_1000_women_ages_15_19;;;;;;;;;;;;;;;;;;;;;;;;;;;;;;;;;;;;;;;;;;;;;;;;;;;;;;;;;;;;;;;;;;;;;;;;;;;;;;;;;;;;;;;;;;;;;;;;;;;;;;;;;;;;;;;;;;;;;;;;;;;;;;;;;;;;;;;;;;;;;;;;;;;;;;;;;;;;;;;;;;;;;;;;;;;;;;;;;;;;;;;;;;;;;15.41;15.99;17.92;15.83;15.72;16.27;16.71;16.43;18.08;20.05;20.67;24.07;24.78;24.47;23.57;25.13;23.82;24.78;26.16;27.83;26.58;26.85;18.22;19.11;19.29;20.51;22.15;23.06;24.28;33.37;36.44;40.2;45.74;48.13;43.13;41.5;40.8;37.94;33.86;30.66;27.35;25.65;21.77;20.94;20.48;18.92;18.15;18.97;18.51;18.82;16.18;13.6
lux;teen_fertility_rate_births_per_1000_women_ages_15_19;;;;;;;;;;;;;;;;;;;;;;;;;;;;;;;;;;;;;;;;;;;;;;;;;;;;;;;;;;;;;;;;;;;;;;;;;;;;;;;;;;;;;;;;;;;;;;;;;;;;;;;;;;;;;;;;;;;;;;;;;;;;;;;;;;;;;;;;;;;;;;;;;;;;;;;;;;;;;;;;;;;;;;;;;;;;;;;;;;;;;;;;;;;;;;23.43;;;;;;;30.12;27.21;27.53;27.92;31.96;29.07;27.14;24.09;21.68;20.03;19.66;17.12;18.17;16.6;16.86;12.94;14.07;10.74;10.56;9.52;11.45;13.24;10.93;13.81;13.16;12.17;13.12;11.64;10.56;9.9;9.14;9.71;10.71;12.16;12.38;12.43;11.06;10.95;12.0;10.38;10.23;8.68;7.05;7.5
lva;teen_fertility_rate_births_per_1000_women_ages_15_19;;;;;;;;;;;;;;;;;;;;;;;;;;;;;;;;;;;;;;;;;;;;;;;;;;;;;;;;;;;;;;;;;;;;;;;;;;;;;;;;;;;;;;;;;;;;;;;;;;;;;;;;;;;;;;;;;;;;;;;;;;;;;;;;;;;;;;;;;;;;;;;;;;;;;;;;;;;;;;;;;;;;;;;;;;;;;;;;;;;;;;;;;;;;;;;;;;;;;;;;;;;;;;;;;;;;;;;;;;;;49.9;50.4;47.4;43.3;33.7;29.7;25.5;21.9;20.84;19.78;18.73;17.67;16.61;16.9;17.18;17.47;17.76;18.04;16.99;15.93;14.88
mac;teen_fertility_rate_births_per_1000_women_ages_15_19;;;;;;;;;;;;;;;;;;;;;;;;;;;;;;;;;;;;;;;;;;;;;;;;;;;;;;;;;;;;;;;;;;;;;;;;;;;;;;;;;;;;;;;;;;;;;;;;;;;;;;;;;;;;;;;;;;;;;;;;;;;;;;;;;;;;;;;;;;;;;;;;;;;;;;;;;;;;;;;;;;;;;;;;;;;;;;;;;;;;;;;;;;;;;;;;;;;;;;;;;;;;;;;;;;;;;;;;;;;;8.6;9.4;8.1;6.2;7.1;7.5;5.8;6.071000000000001;5.647;5.224;4.8;4.377;3.9530000000000003;3.762;3.572;3.3810000000000002;3.1910000000000003;3.0;3.3710000000000004;3.742;4.112
mar;teen_fertility_rate_births_per_1000_women_ages_15_19;;;;;;;;;;;;;;;;;;;;;;;;;;;;;;;;;;;;;;;;;;;;;;;;;;;;;;;;;;;;;;;;;;;;;;;;;;;;;;;;;;;;;;;;;;;;;;;;;;;;;;;;;;;;;;;;;;;;;;;;;;;;;;;;;;;;;;;;;;;;;;;;;;;;;;;;;;;;;;;;;;;;;;;;;;;;;;;;;;;;;;;;;;;;;;;;;;;;;;;;;;;;;;;;;;;;;;;;;;;;23.2;25.3;;35.1;;25.2;32.2;27.07;25.56;24.05;22.54;21.03;19.52;18.64;17.76;16.87;15.99;15.11;14.25;13.4;12.54
mda;teen_fertility_rate_births_per_1000_women_ages_15_19;;;;;;;;;;;;;;;;;;;;;;;;;;;;;;;;;;;;;;;;;;;;;;;;;;;;;;;;;;;;;;;;;;;;;;;;;;;;;;;;;;;;;;;;;;;;;;;;;;;;;;;;;;;;;;;;;;;;;;;;;;;;;;;;;;;;;;;;;;;;;;;;;;;;;;;;;;;;;;;;;;;;;;;;;;;;;;;;;;;;;;;;;;;;;;;;;;;;;;;;;;;;;;;;;;;;;;;;;;;;;;;;;;;58.07;53.95;49.82;45.69;41.57;37.44;36.71;35.99;35.26;34.54;33.81;32.88;31.94;31.01
mdg;teen_fertility_rate_births_per_1000_women_ages_15_19;;;;;;;;;;;;;;;;;;;;;;;;;;;;;;;;;;;;;;;;;;;;;;;;;;;;;;;;;;;;;;;;;;;;;;;;;;;;;;;;;;;;;;;;;;;;;;;;;;;;;;;;;;;;;;;;;;;;;;;;;;;;;;;;;;;;;;;;;;;;;;;;;;;;;;;;;;;;;;;;;;;;;;;;;;;;;;;;;;;;;;;;;;;;;;;;;;;;;;;;;;;;;;;;;;;;;;;;;;;;;;;;;;;155.1;154.0;152.9;151.7;150.6;149.5;146.4;143.4;140.4;137.3;134.3;132.0;129.6;127.3
mdv;teen_fertility_rate_births_per_1000_women_ages_15_19;;;;;;;;;;;;;;;;;;;;;;;;;;;;;;;;;;;;;;;;;;;;;;;;;;;;;;;;;;;;;;;;;;;;;;;;;;;;;;;;;;;;;;;;;;;;;;;;;;;;;;;;;;;;;;;;;;;;;;;;;;;;;;;;;;;;;;;;;;;;;;;;;;;;;;;;;;;;;;;;;;;;;;;;;;;;;;;;;;;;;;;;;;;;;;;;;;;;;;;;;;;;;;;;;;;;;;;;;;;;106.0;;;90.1;;60.2;54.8;46.58;41.87;37.17;32.46;27.75;23.04;20.86;18.69;16.51;14.33;12.15;11.76;11.36;10.97
mex;teen_fertility_rate_births_per_1000_women_ages_15_19;;;;;;;;;;;;;;;;;;;;;;;;;;;;;;;;;;;;;;;;;;;;;;;;;;;;;;;;;;;;;;;;;;;;;;;;;;;;;;;;;;;;;;;;;;;;;;;;;;;;;;;;;;;;;;;;;;;;;;;;;;;;;;;;;;;;;;;;;;;;;;;;;;;;;;;;;;;;;;;;;;;;;;;;;;;;;;;;;;;;;;117.3;;;;;118.8;;;;;118.2;;;;;118.2;;;;;116.3;;;;;107.3;;;;;94.8;;;;;85.2;;;;;76.6;;;;;77.8;77.11;76.42;75.74;75.05;74.36;73.61;72.87;72.12;71.38;70.63;69.6;68.57;67.54
mhl;teen_fertility_rate_births_per_1000_women_ages_15_19;;;;;;;;;;;;;;;;;;;;;;;;;;;;;;;;;;;;;;;;;;;;;;;;;;;;;;;;;;;;;;;;;;;;;;;;;;;;;;;;;;;;;;;;;;;;;;;;;;;;;;;;;;;;;;;;;;;;;;;;;;;;;;;;;;;;;;;;;;;;;;;;;;;;;;;;;;;;;;;;;;;;;;;;;;;;;;;;;;;;;;;;;;;;;;;;;;;;;;;;;;;;;;;;;;;;;;;;;;;;;;;;;105.2;;;;94.0;;;;;;107.6;104.8;;;;
mkd;teen_fertility_rate_births_per_1000_women_ages_15_19;;;;;;;;;;;;;;;;;;;;;;;;;;;;;;;;;;;;;;;;;;;;;;;;;;;;;;;;;;;;;;;;;;;;;;;;;;;;;;;;;;;;;;;;;;;;;;;;;;;;;;;;;;;;;;;;;;;;;;;;;;;;;;;;;;;;;;;;;;;;;;;;;;;;;;;;;;;;;;;;;;;;;;;;;;;;;;;;;;;;;;;;;;;;;;;;;;;;;;;;;;;;;;;;;;;;;;;;;;;;49.5;46.8;44.3;46.9;45.5;43.9;38.4;33.43;32.0;30.57;29.13;27.7;26.27;25.42;24.56;23.7;22.84;21.99;21.14;20.3;19.46
mli;teen_fertility_rate_births_per_1000_women_ages_15_19;;;;;;;;;;;;;;;;;;;;;;;;;;;;;;;;;;;;;;;;;;;;;;;;;;;;;;;;;;;;;;;;;;;;;;;;;;;;;;;;;;;;;;;;;;;;;;;;;;;;;;;;;;;;;;;;;;;;;;;;;;;;;;;;;;;;;;;;;;;;;;;;;;;;;;;;;;;;;;;;;;;;;;;;;;;;;;;;;;;;;;;;;;;;;;219.1;;;;;;;;;;;;;;;;;;;;;;;;;;;;;;;;;197.6;;;;190.9;190.6;190.3;190.0;189.7;189.5;188.8;188.2;187.5;186.9;186.3;182.8;179.3;175.9
mlt;teen_fertility_rate_births_per_1000_women_ages_15_19;;;;;;;;;;;;;;;;;;;;;;;;;;;;;;;;;;;;;;;;;;;;;;;;;;;;;;;;;;;;;;;;;;;;;;;;;;;;;;;;;;;;;;;;;;;;;;;;;;;;;;;;;;;;;;;;;;;;;;;;;;;;;;;;;;;;;;;;;;;;;;;;;;;;;;;;;;;;;;;;;;;;;;;;;;;;;;;;;;;;;;;;;;;;;;;;;;;;;;;;;;;;;;;14.91;12.81;13.37;11.39;12.79;;;15.85;14.3;12.76;12.06;11.53;12.03;11.38;12.06;12.35;13.13;11.03;10.31;16.77;17.58;24.42;16.81;24.03;23.25;16.6;15.87;22.87;21.81;16.44;16.72;18.66;20.16;18.86
mmr;teen_fertility_rate_births_per_1000_women_ages_15_19;;;;;;;;;;;;;;;;;;;;;;;;;;;;;;;;;;;;;;;;;;;;;;;;;;;;;;;;;;;;;;;;;;;;;;;;;;;;;;;;;;;;;;;;;;;;;;;;;;;;;;;;;;;;;;;;;;;;;;;;;;;;;;;;;;;;;;;;;;;;;;;;;;;;;;;;;;;;;;;;;;;;;;;;;;;;;;;;;;;;;;;;;;;;;;;;;;;;;;;;;;;;;;;;;;;;;;;;;;;;29.0;;;;31.9;;28.2;23.74;22.85;21.97;21.08;20.19;19.3;18.69;18.09;17.48;16.87;16.27;15.41;14.55;13.7
mne;teen_fertility_rate_births_per_1000_women_ages_15_19;;;;;;;;;;;;;;;;;;;;;;;;;;;;;;;;;;;;;;;;;;;;;;;;;;;;;;;;;;;;;;;;;;;;;;;;;;;;;;;;;;;;;;;;;;;;;;;;;;;;;;;;;;;;;;;;;;;;;;;;;;;;;;;;;;;;;;;;;;;;;;;;;;;;;;;;;;;;;;;;;;;;;;;;;;;;;;;;;;;;;;;;;;;;;;;;;;;;;;;;;;;;;;;;;;;;;;;;;;;;26.8;;;;;;;23.38;22.88;22.38;21.88;21.37;20.87;20.33;19.78;19.24;18.7;18.15;17.49;16.82;16.16
mng;teen_fertility_rate_births_per_1000_women_ages_15_19;;;;;;;;;;;;;;;;;;;;;;;;;;;;;;;;;;;;;;;;;;;;;;;;;;;;;;;;;;;;;;;;;;;;;;;;;;;;;;;;;;;;;;;;;;;;;;;;;;;;;;;;;;;;;;;;;;;;;;;;;;;;;;;;;;;;;;;;;;;;;;;;;;;;;;;;;;;;;;;;;;;;;;;;;;;;;;;;;;;;;;;;;;;;;;;;;;;;;;;;;;;;;;;;;;;;;;;;;;;;;;;;;;;32.78;30.59;28.4;26.2;24.01;21.81;21.61;21.41;21.2;21.0;20.8;20.39;19.97;19.56
mnp;teen_fertility_rate_births_per_1000_women_ages_15_19;;;;;;;;;;;;;;;;;;;;;;;;;;;;;;;;;;;;;;;;;;;;;;;;;;;;;;;;;;;;;;;;;;;;;;;;;;;;;;;;;;;;;;;;;;;;;;;;;;;;;;;;;;;;;;;;;;;;;;;;;;;;;;;;;;;;;;;;;;;;;;;;;;;;;;;;;;;;;;;;;;;;;;;;;;;;;;;;;;;;;;;;;;;;;;;;;;;;;;;;;;;;;;;;;;;;;;;;;;;;82.6;83.7;96.3;86.3;88.1;89.5;66.5;66.7;68.3;67.8;60.2;69.7;54.3;;;;;;;;
moz;teen_fertility_rate_births_per_1000_women_ages_15_19;;;;;;;;;;;;;;;;;;;;;;;;;;;;;;;;;;;;;;;;;;;;;;;;;;;;;;;;;;;;;;;;;;;;;;;;;;;;;;;;;;;;;;;;;;;;;;;;;;;;;;;;;;;;;;;;;;;;;;;;;;;;;;;;;;;;;;;;;;;;;;;;;;;;;;;;;;;;;;;;;;;;;;;;;;;;;;;;;;;;;;;;;;;;;;;;;;;;;;;;;;;;;;;;;;;;;;;;;;;;;;;;173.1;;;117.0;128.9;140.8;152.7;164.5;176.4;170.9;165.5;160.1;154.6;149.2;144.3;139.3;134.3
mrt;teen_fertility_rate_births_per_1000_women_ages_15_19;;;;;;;;;;;;;;;;;;;;;;;;;;;;;;;;;;;;;;;;;;;;;;;;;;;;;;;;;;;;;;;;;;;;;;;;;;;;;;;;;;;;;;;;;;;;;;;;;;;;;;;;;;;;;;;;;;;;;;;;;;;;;;;;;;;;;;;;;;;;;;;;;;;;;;;;;;;;;;;;;;;;;;;;;;;;;;;;;;;;;;;;;;;;;;;;;;;;;;;;;;;;;;;;;;;;;;;;;;;;;;;;;;;96.49;94.79;93.09;91.39;89.69;87.99;86.24;84.49;82.74;80.99;79.24;77.66;76.08;74.5
msr;teen_fertility_rate_births_per_1000_women_ages_15_19;;;;;;;;;;;;;;;;;;;;;;;;;;;;;;;;;;;;;;;;;;;;;;;;;;;;;;;;;;;;;;;;;;;;;;;;;;;;;;;;;;;;;;;;;;;;;;;;;;;;;;;;;;;;;;;;;;;;;;;;;;;;;;;;;;;;;;;;;;;;;;;;;;;;;;;;;;;;;;;;;;;;;;;;;;;;;;;;;;;;;;;;;;;;;;;;;;;;;;;;;;;;;;;;;;;;;;;;;;;;;53.6;;;32.2;48.7;19.7;53.4;13.5;27.3;27.5;32.0;5.4;27.9;33.5;;;;;;
mtq;teen_fertility_rate_births_per_1000_women_ages_15_19;;;;;;;;;;;;;;;;;;;;;;;;;;;;;;;;;;;;;;;;;;;;;;;;;;;;;;;;;;;;;;;;;;;;;;;;;;;;;;;;;;;;;;;;;;;;;;;;;;;;;;;;;;;;;;;;;;;;;;;;;;;;;;;;;;;;;;;;;;;;;;;;;;;;;;;;;;;;;;;;;;;;;;;;;;;;;;;;;;;;;;;;;;;;;;;;;;;;;;;;;;;;;;;;;;;;;;;;;;;;30.8;30.9;27.9;;;;;;;28.1;27.6;28.9;27.8;27.2;20.9;20.1;20.6;20.0;;;
mus;teen_fertility_rate_births_per_1000_women_ages_15_19;;;;;;;;;;;;;;;;;;;;;;;;;;;;;;;;;;;;;;;;;;;;;;;;;;;;;;;;;;;;;;;;;;;;;;;;;;;;;;;;;;;;;;;;;;;;;;;;;;;;;;;;;;;;;;;;;;;;;;;;;;;;;;;;;;;;;;;;;;;;;;;;;;;;;;;;;;;;;;;;;;;;;;;;;;;;;;;;;;;;;;;;;;;;;;123.0;118.0;107.0;109.0;92.0;85.0;84.0;74.0;73.0;65.0;59.0;54.0;50.3;47.2;55.9;56.6;60.5;;;;;;;;;;;;;;;;;;;;;36.29;36.33;36.37;36.4;36.44;36.48;36.27;36.06;35.84;35.63;35.42;34.7;33.99;33.27
mwi;teen_fertility_rate_births_per_1000_women_ages_15_19;;;;;;;;;;;;;;;;;;;;;;;;;;;;;;;;;;;;;;;;;;;;;;;;;;;;;;;;;;;;;;;;;;;;;;;;;;;;;;;;;;;;;;;;;;;;;;;;;;;;;;;;;;;;;;;;;;;;;;;;;;;;;;;;;;;;;;;;;;;;;;;;;;;;;;;;;;;;;;;;;;;;;;;;;;;;;;;;;;;;;;;;;;;;;;;;;;;;;;;;;;;;;;;;;;;;;;;;;;;;160.1;;;;;;;160.9;160.5;160.2;159.8;159.5;159.1;151.1;143.1;135.1;127.2;119.2;116.5;113.8;111.0
mys;teen_fertility_rate_births_per_1000_women_ages_15_19;;;;;;;;;;;;;;;;;;;;;;;;;;;;;;;;;;;;;;;;;;;;;;;;;;;;;;;;;;;;;;;;;;;;;;;;;;;;;;;;;;;;;;;;;;;;;;;;;;;;;;;;;;;;;;;;;;;;;;;;;;;;;;;;;;;;;;;;;;;;;;;;;;;;;;;;;;;;;;;;;;;;;;;;;;;;;;;;;;;;;;;;;;;133.3;;;;;;;;;;;;;62.0;;59.0;;;56.0;53.0;;;;;;;;;;;;;;;20.0;20.0;19.0;19.0;17.0;17.0;15.0;15.04;15.07;15.11;15.15;15.18;14.99;14.81;14.62;14.43;14.24;13.35;12.46;11.58
myt;teen_fertility_rate_births_per_1000_women_ages_15_19;;;;;;;;;;;;;;;;;;;;;;;;;;;;;;;;;;;;;;;;;;;;;;;;;;;;;;;;;;;;;;;;;;;;;;;;;;;;;;;;;;;;;;;;;;;;;;;;;;;;;;;;;;;;;;;;;;;;;;;;;;;;;;;;;;;;;;;;;;;;;;;;;;;;;;;;;;;;;;;;;;;;;;;;;;;;;;;;;;;;;;;;;;;;;;;;;;;;;;;;;;;;;;;;;;;;;;;;;;;;;;;;;;117.0;;;;;;108.0;;106.0;;;;;;
nam;teen_fertility_rate_births_per_1000_women_ages_15_19;;;;;;;;;;;;;;;;;;;;;;;;;;;;;;;;;;;;;;;;;;;;;;;;;;;;;;;;;;;;;;;;;;;;;;;;;;;;;;;;;;;;;;;;;;;;;;;;;;;;;;;;;;;;;;;;;;;;;;;;;;;;;;;;;;;;;;;;;;;;;;;;;;;;;;;;;;;;;;;;;;;;;;;;;;;;;;;;;;;;;;;;;;;;;;;;;;;;;;;;;;;;;;;;;;;;;;;;;;;;101.2;88.4;;;;;;90.39;88.66;86.92;85.19;83.45;81.72;80.26;78.8;77.34;75.88;74.41;70.42;66.42;62.43
ncl;teen_fertility_rate_births_per_1000_women_ages_15_19;;;;;;;;;;;;;;;;;;;;;;;;;;;;;;;;;;;;;;;;;;;;;;;;;;;;;;;;;;;;;;;;;;;;;;;;;;;;;;;;;;;;;;;;;;;;;;;;;;;;;;;;;;;;;;;;;;;;;;;;;;;;;;;;;;;;;;;;;;;;;;;;;;;;;;;;;;;;;;;;;;;;;;;;;;;;;;;;;;;;;;;;;;;;;;;;;;;;;;;;;;;;;;;;;;;;;;;;;;;;;;;;;;;16.31;16.85;17.39;17.92;18.46;19.0;19.2;19.4;19.6;19.8;20.0;20.04;20.08;20.12
ner;teen_fertility_rate_births_per_1000_women_ages_15_19;;;;;;;;;;;;;;;;;;;;;;;;;;;;;;;;;;;;;;;;;;;;;;;;;;;;;;;;;;;;;;;;;;;;;;;;;;;;;;;;;;;;;;;;;;;;;;;;;;;;;;;;;;;;;;;;;;;;;;;;;;;;;;;;;;;;;;;;;;;;;;;;;;;;;;;;;;;;;;;;;;;;;;;;;;;;;;;;;;;;;;;;;;;;;182.2;;;;;;;;;;;;;;;;;;;;;;;;;;;;;243.5;;;;;;;;;220.6;219.2;217.8;216.3;214.9;213.5;212.3;211.0;209.7;208.4;207.1;204.4;201.7;199.0
nga;teen_fertility_rate_births_per_1000_women_ages_15_19;;;;;;;;;;;;;;;;;;;;;;;;;;;;;;;;;;;;;;;;;;;;;;;;;;;;;;;;;;;;;;;;;;;;;;;;;;;;;;;;;;;;;;;;;;;;;;;;;;;;;;;;;;;;;;;;;;;;;;;;;;;;;;;;;;;;;;;;;;;;;;;;;;;;;;;;;;;;;;;;;;;;;;;;;;;;;;;;;;;;;;;;;;;;;;;;;;;;;;;;;;;;;;;;;;;;;;;;;;;;;;;;;;;135.2;133.6;132.0;130.4;128.8;127.2;125.5;123.7;121.9;120.1;118.3;116.9;115.5;114.1
nic;teen_fertility_rate_births_per_1000_women_ages_15_19;;;;;;;;;;;;;;;;;;;;;;;;;;;;;;;;;;;;;;;;;;;;;;;;;;;;;;;;;;;;;;;;;;;;;;;;;;;;;;;;;;;;;;;;;;;;;;;;;;;;;;;;;;;;;;;;;;;;;;;;;;;;;;;;;;;;;;;;;;;;;;;;;;;;;;;;;;;;;;;;;;;;;;;;;;;;;;;;;;;;;;168.0;;;;;168.0;;;;;168.0;;;;;163.7;;;;;157.9;;;;;150.2;;;;;163.3;;;;;162.0;;;;;;;;148.2;139.2;132.6;130.0;127.3;124.7;122.0;119.4;118.1;116.7;115.4;114.0;112.7;111.1;109.6;108.0
niu;teen_fertility_rate_births_per_1000_women_ages_15_19;;;;;;;;;;;;;;;;;;;;;;;;;;;;;;;;;;;;;;;;;;;;;;;;;;;;;;;;;;;;;;;;;;;;;;;;;;;;;;;;;;;;;;;;;;;;;;;;;;;;;;;;;;;;;;;;;;;;;;;;;;;;;;;;;;;;;;;;;;;;;;;;;;;;;;;;;;;;;;;;;;;;;;;;;;;;;;;;;;;;;;;;;;;;;;;;;;;;;;;;;;;;;;;;;;;;;;;;;;;;;;;;35.0;;;;;;;34.9;;;45.5;;;;;15.6;
nld;teen_fertility_rate_births_per_1000_women_ages_15_19;;;;;;;;;;;;;;;;;;;;;;;;;;;;;;;;;;;;;;;;;;;;;;;;;;;;;;;;;;;;;;;;;;;;;;;;;;;;;;;;;;;;;;;;;;;;;;;;;;;;;;;;;;;;;;;;;;;;;;;;;;;;;;;;;;;;;;;;;;;;;;;;;;;;;;;;;;;;;;;;;;;;;;;;;;;;;;;;;;;;12.5;13.75;14.06;13.75;13.12;13.75;13.62;15.0;15.12;16.25;16.5;18.62;18.75;19.38;20.0;21.25;22.38;22.38;21.38;22.62;22.5;22.38;20.0;17.5;15.0;12.5;11.25;10.0;9.375;8.75;8.875;8.75;8.125;7.625;7.5;6.875;;5.0;5.125;5.625;;;7.5;7.375;7.0;;;6.1739999999999995;6.354;6.534;6.7139999999999995;6.894;7.074;6.671;6.268;5.8660000000000005;5.462999999999999;5.06;4.902;4.743;4.585
nor;teen_fertility_rate_births_per_1000_women_ages_15_19;;;;;;;;;;;;;;;;;;;;;;;;;;;;;;;;;;;;;;;;;;;;;;;;;;;;;;;;;;;;;;;;;;;;;;;;;;;;;;9.177;;;;;9.443;;;;;9.576;;;;;9.443;;;;;9.177;;;;;9.31;;;;;9.842;;;;;9.975;;;;;10.11;;;;;11.7;;;;;14.5;;;;;15.16;;;;;14.76;;;;;14.23;;;;;14.1;;;;;13.83;;;;;10.91;;;;;10.11;;;;;10.91;;;;;15.16;;;;;20.22;;;;;29.53;;;;;37.91;;;;;38.04;;;;;42.96;;;;;44.55;;;;;30.06;;;;;20.35;;;18.2;17.7;18.2;17.7;17.1;16.7;16.0;15.0;14.4;13.5;13.5;12.7;12.4;11.7;11.7;11.0;10.1;9.1;8.2;8.0;8.7;9.1;9.3;9.5;8.4
npl;teen_fertility_rate_births_per_1000_women_ages_15_19;;;;;;;;;;;;;;;;;;;;;;;;;;;;;;;;;;;;;;;;;;;;;;;;;;;;;;;;;;;;;;;;;;;;;;;;;;;;;;;;;;;;;;;;;;;;;;;;;;;;;;;;;;;;;;;;;;;;;;;;;;;;;;;;;;;;;;;;;;;;;;;;;;;;;;;;;;;;;;;;;;;;;;;;;;;;;;;;;;;;;;;;;;;;;;;;;;;;;;;;;;;;;;;;;;;;;;;;;;;;;;;;;;;129.1;127.3;125.4;123.6;121.7;119.9;116.6;113.3;110.0;106.7;103.4;99.97;96.53;93.08
nru;teen_fertility_rate_births_per_1000_women_ages_15_19;;;;;;;;;;;;;;;;;;;;;;;;;;;;;;;;;;;;;;;;;;;;;;;;;;;;;;;;;;;;;;;;;;;;;;;;;;;;;;;;;;;;;;;;;;;;;;;;;;;;;;;;;;;;;;;;;;;;;;;;;;;;;;;;;;;;;;;;;;;;;;;;;;;;;;;;;;;;;;;;;;;;;;;;;;;;;;;;;;;;;;;;;;;;;;;;;;;;;;;;;;;;;;;;;;;;;;;;;;;;;;69.6;63.2;72.4;81.7;80.9;93.6;85.9;94.6;113.8;148.5;113.4;;;84.0;;;;;
nzl;teen_fertility_rate_births_per_1000_women_ages_15_19;;;;;;;;;;;;;;;;;;;;;;;;;;;;;;;;;;;;;;;;;;;;;;;;;;;;;;;;;;;;;;;;;;;;;;;;;;;;;;;;;;;;;;;;;;;;;;;;;;;;;;;;;;;;;;;;;;;;;;;;;;;;;;;;;;;;;;;;;;;;;;;;;;;;;21.0;22.75;24.5;21.88;22.75;21.88;24.5;;;;;;;;23.62;;;21.0;26.25;;26.25;27.12;;23.62;;;25.38;29.75;;;;;;;38.5;;;;;;;50.75;;53.68;57.05;56.92;58.74;64.55;66.66;66.13;64.59;63.98;67.92;69.07;64.01;60.34;54.71;49.81;46.87;43.33;41.07;38.19;38.01;34.33;32.43;30.39;30.37;30.21;31.76;31.84;33.61;34.97;33.86;32.95;32.16;31.35;33.39;33.05;32.83;29.24;28.93;28.19;27.46;25.55;25.89;27.09;27.16;28.12;31.27;32.85;29.39;28.84
omn;teen_fertility_rate_births_per_1000_women_ages_15_19;;;;;;;;;;;;;;;;;;;;;;;;;;;;;;;;;;;;;;;;;;;;;;;;;;;;;;;;;;;;;;;;;;;;;;;;;;;;;;;;;;;;;;;;;;;;;;;;;;;;;;;;;;;;;;;;;;;;;;;;;;;;;;;;;;;;;;;;;;;;;;;;;;;;;;;;;;;;;;;;;;;;;;;;;;;;;;;;;;;;;;;;;;;;;;;;;;;;;;;;;;;;;;;;;;;;;;;;;;;;;;;100.0;;;;43.16;38.16;33.15;28.14;23.14;18.13;16.35;14.57;12.79;11.01;9.232999999999999;9.249;9.264;9.28
pak;teen_fertility_rate_births_per_1000_women_ages_15_19;;;;;;;;;;;;;;;;;;;;;;;;;;;;;;;;;;;;;;;;;;;;;;;;;;;;;;;;;;;;;;;;;;;;;;;;;;;;;;;;;;;;;;;;;;;;;;;;;;;;;;;;;;;;;;;;;;;;;;;;;;;;;;;;;;;;;;;;;;;;;;;;;;;;;;;;;;;;;;;;;;;;;;;;;;;;;;;;;;;;;;;;;;;;;;;;;;130.0;;;;;;;;;;;;;;;;;;;;;;;;;;;;;;;;;60.01;56.26;52.51;48.76;45.01;41.26;39.33;37.41;35.49;33.57;31.64;30.94;30.23;29.52
pan;teen_fertility_rate_births_per_1000_women_ages_15_19;;;;;;;;;;;;;;;;;;;;;;;;;;;;;;;;;;;;;;;;;;;;;;;;;;;;;;;;;;;;;;;;;;;;;;;;;;;;;;;;;;;;;;;;;;;;;;;;;;;;;;;;;;;;;;;;;;;;;;;;;;;;;;;;;;;;;;;;;;;;;;;;;;;;;;;;;;;;;;;;;;;;;;;;;;;;;;;;;;;;;;145.4;;;;;146.7;;;;;144.8;;;;;143.2;;;;;134.6;;;;;118.7;;;;;107.7;;;;;101.4;;;;;90.7;;;;;93.2;92.36;91.52;90.68;89.84;89.0;87.72;86.44;85.16;83.88;82.6;81.26;79.91;78.57
per;teen_fertility_rate_births_per_1000_women_ages_15_19;;;;;;;;;;;;;;;;;;;;;;;;;;;;;;;;;;;;;;;;;;;;;;;;;;;;;;;;;;;;;;;;;;;;;;;;;;;;;;;;;;;;;;;;;;;;;;;;;;;;;;;;;;;;;;;;;;;;;;;;;;;;;;;;;;;;;;;;;;;;;;;;;;;;;;;;;;;;;;;;;;;;;;;;;;;;;;;;;;;;;;129.9;;;;;129.9;;;;;129.9;;;;;102.3;;;;;86.3;;;;;92.5;;;;;74.1;;;;;68.4;;;;;;;;;;70.5;68.7;66.9;65.1;63.3;61.5;60.14;58.78;57.42;56.06;54.7;53.51;52.32;51.12
phl;teen_fertility_rate_births_per_1000_women_ages_15_19;;;;;;;;;;;;;;;;;;;;;;;;;;;;;;;;;;;;;;;;;;;;;;;;;;;;;;;;;;;;;;;;;;;;;;;;;;;;;;;;;;;;;;;;;;;;;;;;;;;;;;;;;;;;;;;;;;;;;;;;;;;;;;;;;;;;;;;;;;;;;;;;;;;;;;;;;;;;;;;;;;;;;;;;;;;;;;;;;;;;;;;;;;;;;;77.03;;;;;;;;;;56.0;;;;;50.0;;;;;55.0;;;;48.0;;;;;;;50.0;;;;;;49.06;50.02;50.99;51.95;52.91;53.87;53.91;53.96;54.0;54.04;54.09;52.57;51.05;49.53
plw;teen_fertility_rate_births_per_1000_women_ages_15_19;;;;;;;;;;;;;;;;;;;;;;;;;;;;;;;;;;;;;;;;;;;;;;;;;;;;;;;;;;;;;;;;;;;;;;;;;;;;;;;;;;;;;;;;;;;;;;;;;;;;;;;;;;;;;;;;;;;;;;;;;;;;;;;;;;;;;;;;;;;;;;;;;;;;;;;;;;;;;;;;;;;;;;;;;;;;;;;;;;;;;;;;;;;;;;;;;;;;;;;;;;;;;;;;;;;;;;;;;;;;72.2;64.8;75.0;79.0;54.8;78.9;69.3;62.1;42.2;32.5;25.9;22.6;34.7;27.0;21.7;26.5;;;;;
png;teen_fertility_rate_births_per_1000_women_ages_15_19;;;;;;;;;;;;;;;;;;;;;;;;;;;;;;;;;;;;;;;;;;;;;;;;;;;;;;;;;;;;;;;;;;;;;;;;;;;;;;;;;;;;;;;;;;;;;;;;;;;;;;;;;;;;;;;;;;;;;;;;;;;;;;;;;;;;;;;;;;;;;;;;;;;;;;;;;;;;;;;;;;;;;;;;;;;;;;;;;;;;;;;;;;;;;;;;;;;;;;;;;;;;;;;;;;;;;;;;;;;;;;;;77.0;;;75.65;74.71;73.78;72.84;71.9;70.97;70.15;69.33;68.52;67.7;66.89;65.9;64.92;63.94
pol;teen_fertility_rate_births_per_1000_women_ages_15_19;;;;;;;;;;;;;;;;;;;;;;;;;;;;;;;;;;;;;;;;;;;;;;;;;;;;;;;;;;;;;;;;;;;;;;;;;;;;;;;;;;;;;;;;;;;;;;;;;;;;;;;;;;;;;;;;;;;;;;;;;;;;;;;;;;;;;;;;;;;;;;;;;;;;;;;;;;;;;;;;;;;;;;;;;;;;;;;;;;;;;;;;;;;;;;;;;;;;;;;;;;;;;;;;;;;;;;;;;;;;31.7;32.6;29.8;27.7;26.0;22.4;21.3;20.38;19.29;18.2;17.11;16.02;14.93;14.9;14.87;14.84;14.81;14.79;14.27;13.75;13.23
pri;teen_fertility_rate_births_per_1000_women_ages_15_19;;;;;;;;;;;;;;;;;;;;;;;;;;;;;;;;;;;;;;;;;;;;;;;;;;;;;;;;;;;;;;;;;;;;;;;;;;;;;;;;;;;;;;;;;;;;;;;;;;;;;;;;;;;;;;;;;;;;;;;;;;;;;;;;;;;;;;;;;;;;;;;;;;;;;;;;;;;;;;;;;;;;;;;;;;;;;;;;;;;;;;;;;;;;;;;;;;;;;;;;;;;;;;;;;;;;;;;;;;;;75.4;73.3;73.8;75.8;74.6;74.8;76.8;72.4;70.92;69.44;67.96;66.48;65.0;62.77;60.53;58.3;56.07;53.84;53.19;52.54;51.89
prk;teen_fertility_rate_births_per_1000_women_ages_15_19;;;;;;;;;;;;;;;;;;;;;;;;;;;;;;;;;;;;;;;;;;;;;;;;;;;;;;;;;;;;;;;;;;;;;;;;;;;;;;;;;;;;;;;;;;;;;;;;;;;;;;;;;;;;;;;;;;;;;;;;;;;;;;;;;;;;;;;;;;;;;;;;;;;;;;;;;;;;;;;;;;;;;;;;;;;;;;;;;;;;;;;;;;;;;;;;;;;;;;;;;;;;;;;;;;;;;;;;;;;;;;;;;;;1.364;1.288;1.212;1.136;1.06;0.9840000000000001;0.9184;0.8528;0.7872;0.7216;0.6559999999999999;0.652;0.648;0.644
prt;teen_fertility_rate_births_per_1000_women_ages_15_19;;;;;;;;;;;;;;;;;;;;;;;;;;;;;;;;;;;;;;;;;;;;;;;;;;;;;;;;;;;;;;;;;;;;;;;;;;;;;;;;;;;;;;;;;;;;;;;;;;;;;;;;;;;;;;;;;;;;;;;;;;;;;;;;;;;;;;;;;;;;;;;;;;;;;;;;;;;;;;;;;;;;;;;;;;22.33;21.05;20.28;22.5;22.12;22.83;22.68;22.27;23.87;23.49;22.55;22.67;23.34;23.39;22.89;20.57;20.07;26.93;27.19;27.27;27.82;27.82;29.27;28.36;29.06;28.62;30.26;31.48;31.57;31.14;30.89;31.48;32.62;33.29;35.59;40.75;51.72;51.71;47.12;42.98;42.69;39.89;39.68;38.12;37.73;33.78;31.71;29.61;28.0;26.54;24.39;23.62;22.42;22.06;20.34;19.37;19.59;19.9;19.69;19.97;20.74;19.75;20.2;19.23;18.9;18.46;16.64;16.61;15.72;15.03;14.22
pry;teen_fertility_rate_births_per_1000_women_ages_15_19;;;;;;;;;;;;;;;;;;;;;;;;;;;;;;;;;;;;;;;;;;;;;;;;;;;;;;;;;;;;;;;;;;;;;;;;;;;;;;;;;;;;;;;;;;;;;;;;;;;;;;;;;;;;;;;;;;;;;;;;;;;;;;;;;;;;;;;;;;;;;;;;;;;;;;;;;;;;;;;;;;;;;;;;;;;;;;;;;;;;;;97.0;;;;;97.0;;;;;98.9;;;;;98.3;;;;;95.8;;;;;92.9;;;;;93.6;;;;;91.2;;;;;86.7;;;;;91.9;89.98;88.06;86.14;84.22;82.3;80.3;78.3;76.3;74.3;72.3;71.18;70.06;68.95
pse;teen_fertility_rate_births_per_1000_women_ages_15_19;;;;;;;;;;;;;;;;;;;;;;;;;;;;;;;;;;;;;;;;;;;;;;;;;;;;;;;;;;;;;;;;;;;;;;;;;;;;;;;;;;;;;;;;;;;;;;;;;;;;;;;;;;;;;;;;;;;;;;;;;;;;;;;;;;;;;;;;;;;;;;;;;;;;;;;;;;;;;;;;;;;;;;;;;;;;;;;;;;;;;;;;;;;;;;;;;;;;;;;;;;;;;;;;;;;;;;;;;;;;;;;;;;;96.5;91.47;86.45;81.42;76.39;71.37;67.8;64.22;60.65;57.08;53.51;52.47;51.44;50.4
pyf;teen_fertility_rate_births_per_1000_women_ages_15_19;;;;;;;;;;;;;;;;;;;;;;;;;;;;;;;;;;;;;;;;;;;;;;;;;;;;;;;;;;;;;;;;;;;;;;;;;;;;;;;;;;;;;;;;;;;;;;;;;;;;;;;;;;;;;;;;;;;;;;;;;;;;;;;;;;;;;;;;;;;;;;;;;;;;;;;;;;;;;;;;;;;;;;;;;;;;;;;;;;;;;;;;;;;;;;;;;;;;;;;;;;;;;;;;;;;;;;;;;;;;;;;;;;;61.31;60.17;59.03;57.88;56.74;55.6;54.7;53.8;52.9;52.01;51.11;50.5;49.9;49.3
qat;teen_fertility_rate_births_per_1000_women_ages_15_19;;;;;;;;;;;;;;;;;;;;;;;;;;;;;;;;;;;;;;;;;;;;;;;;;;;;;;;;;;;;;;;;;;;;;;;;;;;;;;;;;;;;;;;;;;;;;;;;;;;;;;;;;;;;;;;;;;;;;;;;;;;;;;;;;;;;;;;;;;;;;;;;;;;;;;;;;;;;;;;;;;;;;;;;;;;;;;;;;;;;;;;;;;;;;;;;;;;;;;;;;;;;;;;;;;;;;;;;;;;;55.1;47.6;45.6;44.3;38.8;;26.1;24.23;23.1;21.96;20.83;19.69;18.56;18.08;17.6;17.12;16.65;16.17;16.03;15.89;15.75
reu;teen_fertility_rate_births_per_1000_women_ages_15_19;;;;;;;;;;;;;;;;;;;;;;;;;;;;;;;;;;;;;;;;;;;;;;;;;;;;;;;;;;;;;;;;;;;;;;;;;;;;;;;;;;;;;;;;;;;;;;;;;;;;;;;;;;;;;;;;;;;;;;;;;;;;;;;;;;;;;;;;;;;;;;;;;;;;;;;;;;;;;;;;;;;;;;;;;;;;;;;;;;;;;;;;;;;;;;;;;;;;;;;;;;;;;;;;;;;;;;;;;;;;44.0;;;49.7;38.3;38.9;35.6;23.7;36.3;35.6;37.8;40.0;39.0;35.5;36.0;42.6;43.9;42.8;;;
rou;teen_fertility_rate_births_per_1000_women_ages_15_19;;;;;;;;;;;;;;;;;;;;;;;;;;;;;;;;;;;;;;;;;;;;;;;;;;;;;;;;;;;;;;;;;;;;;;;;;;;;;;;;;;;;;;;;;;;;;;;;;;;;;;;;;;;;;;;;;;;;;;;;;;;;;;;;;;;;;;;;;;;;;;;;;;;;;;;;;;;;;;;;;;;;;;;;;;;;;;;;;;;;;;;;;;;;;;;;;;;;;;;;;;;;;69.97;71.8;73.06;74.24;73.17;72.4;70.99;65.39;57.82;56.12;57.07;62.95;67.51;62.48;45.68;51.21;49.55;47.38;47.11;45.12;42.08;40.09;40.82;40.24;39.77;38.96;35.61;32.57;33.46;33.82;33.85;35.29;35.34;38.52;39.5;36.31
rus;teen_fertility_rate_births_per_1000_women_ages_15_19;;;;;;;;;;;;;;;;;;;;;;;;;;;;;;;;;;;;;;;;;;;;;;;;;;;;;;;;;;;;;;;;;;;;;;;;;;;;;;;;;;;;;;;;;;;;;;;;;;;;;;;;;;;;;;;;;;;;;;;;;;;;;;;48.0;;;;;46.0;;;;;44.0;;;;;43.0;;;;;31.0;;;;;34.0;;;;;38.6;;;;;35.1;;;;;36.0;;;;;22.3;;;;;18.6;;;;;15.4;;;;;23.6;;;;;24.7;;;;;25.2;;;;;30.6;;;;;36.4;;;;;44.5;;;;;49.0;;;54.0;53.1;49.7;46.1;48.0;43.9;37.8;35.66;34.12;32.57;31.03;29.48;27.93;28.35;28.78;29.2;29.62;30.04;28.67;27.31;25.94
rwa;teen_fertility_rate_births_per_1000_women_ages_15_19;;;;;;;;;;;;;;;;;;;;;;;;;;;;;;;;;;;;;;;;;;;;;;;;;;;;;;;;;;;;;;;;;;;;;;;;;;;;;;;;;;;;;;;;;;;;;;;;;;;;;;;;;;;;;;;;;;;;;;;;;;;;;;;;;;;;;;;;;;;;;;;;;;;;;;;;;;;;;;;;;;;;;;;;;;;;;;;;;;;;;;;;;;;;;;;;;;;;;;;;;;;;;;;;;;;;;;;;;;;;;;;;;;;53.52;51.75;49.98;48.22;46.45;44.68;43.48;42.28;41.07;39.87;38.66;38.03;37.4;36.76
sau;teen_fertility_rate_births_per_1000_women_ages_15_19;;;;;;;;;;;;;;;;;;;;;;;;;;;;;;;;;;;;;;;;;;;;;;;;;;;;;;;;;;;;;;;;;;;;;;;;;;;;;;;;;;;;;;;;;;;;;;;;;;;;;;;;;;;;;;;;;;;;;;;;;;;;;;;;;;;;;;;;;;;;;;;;;;;;;;;;;;;;;;;;;;;;;;;;;;;;;;;;;;;;;;;;;;;;;;;;;;;;;;;;;;;;;;;;;;;;;;;;;;;;;;;;61.0;;;37.29;33.95;30.62;27.28;23.95;20.61;18.8;16.99;15.17;13.36;11.55;13.65;15.75;17.85
sdn;teen_fertility_rate_births_per_1000_women_ages_15_19;;;;;;;;;;;;;;;;;;;;;;;;;;;;;;;;;;;;;;;;;;;;;;;;;;;;;;;;;;;;;;;;;;;;;;;;;;;;;;;;;;;;;;;;;;;;;;;;;;;;;;;;;;;;;;;;;;;;;;;;;;;;;;;;;;;;;;;;;;;;;;;;;;;;;;;;;;;;;;;;;;;;;;;;;;;;;;;;;;;;;;;;;;;;;;;;;;;;;;;;;;;;;;;;;;;;;;;;;;;;;;;;;;;87.06;84.37;81.69;79.0;76.32;73.63;71.28;68.92;66.57;64.21;61.86;60.08;58.3;56.53
sen;teen_fertility_rate_births_per_1000_women_ages_15_19;;;;;;;;;;;;;;;;;;;;;;;;;;;;;;;;;;;;;;;;;;;;;;;;;;;;;;;;;;;;;;;;;;;;;;;;;;;;;;;;;;;;;;;;;;;;;;;;;;;;;;;;;;;;;;;;;;;;;;;;;;;;;;;;;;;;;;;;;;;;;;;;;;;;;;;;;;;;;;;;;;;;;;;;;;;;;;;;;;;;;;;;;;;;;178.0;;;;;194.0;;;;;185.0;;;;;185.0;;;;189.0;;;;;;;;159.0;;;;;;127.0;;;;;112.4;111.5;110.5;109.6;108.6;107.7;107.3;107.0;106.6;106.3;105.9;102.7;99.44;96.2
sgp;teen_fertility_rate_births_per_1000_women_ages_15_19;;;;;;;;;;;;;;;;;;;;;;;;;;;;;;;;;;;;;;;;;;;;;;;;;;;;;;;;;;;;;;;;;;;;;;;;;;;;;;;;;;;;;;;;;;;;;;;;;;;;;;;;;;;;;;;;;;;;;;;;;;;;;;;;;;;;;;;;;;;;;;;;;;;;;;;;;;;;;;;;;;;;;;;;;;;;;;;;;;;;;;;;;;;;;;;;;;;;;;;;;;;;;;;;;;;;;;;;;;;;;;;;;;;8.001;7.801;7.601;7.401;7.2010000000000005;7.001;6.5520000000000005;6.103;5.653;5.204;4.755;5.149;5.542999999999999;5.937
shn;teen_fertility_rate_births_per_1000_women_ages_15_19;;;;;;;;;;;;;;;;;;;;;;;;;;;;;;;;;;;;;;;;;;;;;;;;;;;;;;;;;;;;;;;;;;;;;;;;;;;;;;;;;;;;;;;;;;;;;;;;;;;;;;;;;;;;;;;;;;;;;;;;;;;;;;;;;;;;;;;;;;;;;;;;;;;;;;;;;;;;;;;;;;;;;;;;;;;;;;;;;;;;;;;;;;;;;;;;;;;;;;;;;;;;;;;;;;;;;;;;;;;;;;;;;;;;;;32.3;;;;;;;;;;
slb;teen_fertility_rate_births_per_1000_women_ages_15_19;;;;;;;;;;;;;;;;;;;;;;;;;;;;;;;;;;;;;;;;;;;;;;;;;;;;;;;;;;;;;;;;;;;;;;;;;;;;;;;;;;;;;;;;;;;;;;;;;;;;;;;;;;;;;;;;;;;;;;;;;;;;;;;;;;;;;;;;;;;;;;;;;;;;;;;;;;;;;;;;;;;;;;;;;;;;;;;;;;;;;;;;;;;;;;;;;;;;;;;;;;;;;;;;;;;;;;;;;;;;111.0;;;;;95.0;;71.12;70.92;70.72;70.52;70.31;70.11;70.16;70.2;70.24;70.29;70.33;69.18;68.03;66.89
sle;teen_fertility_rate_births_per_1000_women_ages_15_19;;;;;;;;;;;;;;;;;;;;;;;;;;;;;;;;;;;;;;;;;;;;;;;;;;;;;;;;;;;;;;;;;;;;;;;;;;;;;;;;;;;;;;;;;;;;;;;;;;;;;;;;;;;;;;;;;;;;;;;;;;;;;;;;;;;;;;;;;;;;;;;;;;;;;;;;;;;;;;;;;;;;;;;;;;;;;;;;;;;;;;;;;;;;;;;;;;;;;;;;;;;212.2;;;;;;;;;;;;;;;;;;;177.5;;;;;150.9;149.4;147.9;146.4;144.9;143.4;143.4;143.5;143.6;143.6;143.7;135.8;127.9;120.0
slv;teen_fertility_rate_births_per_1000_women_ages_15_19;;;;;;;;;;;;;;;;;;;;;;;;;;;;;;;;;;;;;;;;;;;;;;;;;;;;;;;;;;;;;;;;;;;;;;;;;;;;;;;;;;;;;;;;;;;;;;;;;;;;;;;;;;;;;;;;;;;;;;;;;;;;;;;;;;;;;;;;;;;;;;;;;;;;;;;;;;;;;;;;;;;;;;;;;;;;;;;;;;;;;;141.8;;;;;146.8;;;;;165.4;;;;;160.0;;;;;150.6;;;;;141.2;;;;;129.6;;;;;118.8;;;102.2;104.9;104.1;109.4;115.0;113.4;117.8;111.5;107.6;103.7;99.74;95.82;91.9;90.06;88.22;86.38;84.54;82.7;81.39;80.08;78.77
smr;teen_fertility_rate_births_per_1000_women_ages_15_19;;;;;;;;;;;;;;;;;;;;;;;;;;;;;;;;;;;;;;;;;;;;;;;;;;;;;;;;;;;;;;;;;;;;;;;;;;;;;;;;;;;;;;;;;;;;;;;;;;;;;;;;;;;;;;;;;;;;;;;;;;;;;;;;;;;;;;;;;;;;;;;;;;;;;;;;;;;;;;;;;;;;;;;;;;;;;;;;;;;;;;;;;;;;;;;;;;;;;;;;;;;;;;;;;;;;;;;;;;;;;;3.9;1.3;3.7;3.6;;2.5;1.3;5.5;;;;5.3;1.3;;;;;;
som;teen_fertility_rate_births_per_1000_women_ages_15_19;;;;;;;;;;;;;;;;;;;;;;;;;;;;;;;;;;;;;;;;;;;;;;;;;;;;;;;;;;;;;;;;;;;;;;;;;;;;;;;;;;;;;;;;;;;;;;;;;;;;;;;;;;;;;;;;;;;;;;;;;;;;;;;;;;;;;;;;;;;;;;;;;;;;;;;;;;;;;;;;;;;;;;;;;;;;;;;;;;;;;;;;;;;;;;;;;;;;;;;;;;;;;;;;;;;;;;;;;;;;;;;;;;;72.54;72.41;72.28;72.15;72.02;71.89;71.54;71.19;70.84;70.49;70.14;69.71;69.28;68.85
srb;teen_fertility_rate_births_per_1000_women_ages_15_19;;;;;;;;;;;;;;;;;;;;;;;;;;;;;;;;;;;;;;;;;;;;;;;;;;;;;;;;;;;;;;;;;;;;;;;;;;;;;;;;;;;;;;;;;;;;;;;;;;;;;;;;;;;;;;;;;;;;;;;;;;;;;;;;;;;;;;;;;;;;;;;;;;;;;;;;;;;;;;;;;;;;;;;;;;;;;;;;;;;;;;;;;;;;;;;;;;;;;;;;;;;;;;;;;;;;;;;;;;;;;40.5;39.0;39.0;37.0;35.0;33.0;27.97;27.54;27.11;26.68;26.24;25.81;25.07;24.33;23.59;22.84;22.1;21.53;20.96;20.39
stp;teen_fertility_rate_births_per_1000_women_ages_15_19;;;;;;;;;;;;;;;;;;;;;;;;;;;;;;;;;;;;;;;;;;;;;;;;;;;;;;;;;;;;;;;;;;;;;;;;;;;;;;;;;;;;;;;;;;;;;;;;;;;;;;;;;;;;;;;;;;;;;;;;;;;;;;;;;;;;;;;;;;;;;;;;;;;;;;;;;;;;;;;;;;;;;;;;;;;;;;;;;;;;;;;;;;;;;;;;;;;;;;;;;;;;;;;;;;;;;;;;;;;;;107.0;;;;;;94.58;91.68;88.77;85.86;82.95;80.04;77.26;74.48;71.69;68.91;66.13;63.98;61.83;59.68
sur;teen_fertility_rate_births_per_1000_women_ages_15_19;;;;;;;;;;;;;;;;;;;;;;;;;;;;;;;;;;;;;;;;;;;;;;;;;;;;;;;;;;;;;;;;;;;;;;;;;;;;;;;;;;;;;;;;;;;;;;;;;;;;;;;;;;;;;;;;;;;;;;;;;;;;;;;;;;;;;;;;;;;;;;;;;;;;;;;;;;;;;;;;;;;;;;;;;;;;;;;;;;;;;;;;;;;;;;;;;;;;;;;;;;;;;;;;;;;;;;;;;;;;;;;;;;;50.85;49.65;48.44;47.24;46.04;44.83;43.76;42.68;41.61;40.54;39.46;38.56;37.65;36.75
svk;teen_fertility_rate_births_per_1000_women_ages_15_19;;;;;;;;;;;;;;;;;;;;;;;;;;;;;;;;;;;;;;;;;;;;;;;;;;;;;;;;;;;;;;;;;;;;;;;;;;;;;;;;;;;;;;;;;;;;;;;;;;;;;;;;;;;;;;;;;;;;;;;;;;;;;;;;;;;;;;;;;;;;;;;;;;;;;;;;;;;;;;;;;;;;;;;;;;;;;;;;;;;;50.94;53.49;52.5;49.67;45.92;47.57;51.19;52.28;50.94;50.01;50.31;50.78;48.73;49.74;47.95;45.12;43.26;42.5;41.45;42.92;39.77;39.46;40.94;39.99;43.81;45.02;46.61;46.63;48.82;48.83;48.03;46.21;47.8;48.82;50.11;51.53;51.57;52.45;51.1;49.93;48.62;52.82;48.65;46.28;38.57;32.41;30.11;27.89;25.99;24.89;23.5;20.95;20.84;20.1;19.82;19.74;19.79;20.26;19.51;18.81;18.11
svn;teen_fertility_rate_births_per_1000_women_ages_15_19;;;;;;;;;;;;;;;;;;;;;;;;;;;;;;;;;;;;;;;;;;;;;;;;;;;;;;;;;;;;;;;;;;;;;;;;;;;;;;;;;;;;;;;;;;;;;;;;;;;;;;;;;;;;;;;;;;;;;;;;;;;;;;;;;;;;;;;;;;;;;;;;;;;;;;;;;;;;;;;;;;;;;;;;;;;;;;;;;;;;;;;;;;;;;;;;;;;;;;;;;;;;;;;;;;;;;45.37;42.58;39.57;36.15;34.13;31.82;27.32;24.9;21.29;19.56;16.33;14.35;13.14;11.01;9.118;8.326;7.518;7.257999999999999;6.496;5.774;5.666;5.192;5.962000000000001;4.5360000000000005;4.798;4.8660000000000005;5.194;4.672
swe;teen_fertility_rate_births_per_1000_women_ages_15_19;24.6;21.9;21.8;20.9;19.5;;;20.6;;;;;21.3;;;;;20.8;;;;;20.0;;;;;19.1;;;;;17.2;;;;;15.2;;;;;16.6;;;;;15.6;;;;;16.9;;;;;14.0;;;;;12.2;;;;;8.8;;;;;8.7;;;;;7.4;;;;;7.6;;;;;8.0;;;;;8.9;;;;;8.6;;;;;9.1;;;;;10.0;;;;;10.3;;;;;10.8;;;;;11.6;;;;;14.7;;;;;15.9;;;;;18.9;;;;;19.5;;;;;16.9;;;;;17.9;;;;;17.8;;;;;17.8;;;;;19.9;;;;;25.6;;;;;36.4;;;;;37.8;;;;;36.7;;;;;42.8;;;50.2;47.9;;44.0;43.0;34.6;33.4;31.1;31.7;28.9;25.0;22.1;19.2;17.3;15.5;14.3;14.5;13.0;12.0;11.1;11.4;10.9;11.4;12.6;14.1;13.2;12.0;11.0;9.6;;;8.926;8.764;8.602;8.44;8.277999999999999;8.116;7.685;7.254;6.824;6.393;5.962000000000001;6.079;6.196000000000001;6.312
swz;teen_fertility_rate_births_per_1000_women_ages_15_19;;;;;;;;;;;;;;;;;;;;;;;;;;;;;;;;;;;;;;;;;;;;;;;;;;;;;;;;;;;;;;;;;;;;;;;;;;;;;;;;;;;;;;;;;;;;;;;;;;;;;;;;;;;;;;;;;;;;;;;;;;;;;;;;;;;;;;;;;;;;;;;;;;;;;;;;;;;;;;;;;;;;;;;;;;;;;;;;;;;;;;;;;;;;;;;;;;;;;;;;;;;;;;;;;;;;;;;;;;;;;134.0;;;;;;109.4;108.0;106.6;105.2;103.8;102.4;98.7;94.99;91.28;87.56;83.85;80.67;77.48;74.3
syc;teen_fertility_rate_births_per_1000_women_ages_15_19;;;;;;;;;;;;;;;;;;;;;;;;;;;;;;;;;;;;;;;;;;;;;;;;;;;;;;;;;;;;;;;;;;;;;;;;;;;;;;;;;;;;;;;;;;;;;;;;;;;;;;;;;;;;;;;;;;;;;;;;;;;;;;;;;;;;;;;;;;;;;;;;;;;;;;;;;;;;;;;;;;;;;;;;;;;;;;;;;;;;;;;;;;;;;;;;;;;;;;;;;;;;;;;;;;;;;;;;;;;;60.4;70.0;64.0;76.3;68.0;59.0;63.0;55.0;52.0;61.0;55.0;59.0;57.0;60.0;54.0;59.0;57.9;62.2;63.5;73.8;62.3
syr;teen_fertility_rate_births_per_1000_women_ages_15_19;;;;;;;;;;;;;;;;;;;;;;;;;;;;;;;;;;;;;;;;;;;;;;;;;;;;;;;;;;;;;;;;;;;;;;;;;;;;;;;;;;;;;;;;;;;;;;;;;;;;;;;;;;;;;;;;;;;;;;;;;;;;;;;;;;;;;;;;;;;;;;;;;;;;;;;;;;;;;;;;;;;;;;;;;;;;;;;;;;;;;;;;;;;;;;;;;;;;;;;;;;;;;;;;;;;;;;;;;;;;;71.0;;61.0;;;;51.87;50.59;49.32;48.05;46.77;45.5;44.96;44.41;43.86;43.31;42.77;41.52;40.27;39.03
tca;teen_fertility_rate_births_per_1000_women_ages_15_19;;;;;;;;;;;;;;;;;;;;;;;;;;;;;;;;;;;;;;;;;;;;;;;;;;;;;;;;;;;;;;;;;;;;;;;;;;;;;;;;;;;;;;;;;;;;;;;;;;;;;;;;;;;;;;;;;;;;;;;;;;;;;;;;;;;;;;;;;;;;;;;;;;;;;;;;;;;;;;;;;;;;;;;;;;;;;;;;;;;;;;;;;;;;;;;;;;;;;;;;;;;;;;;;;;;;;;;;;;;;;;;;;;;;;;;31.8;15.8;22.4;25.6;25.5;;;;;
tcd;teen_fertility_rate_births_per_1000_women_ages_15_19;;;;;;;;;;;;;;;;;;;;;;;;;;;;;;;;;;;;;;;;;;;;;;;;;;;;;;;;;;;;;;;;;;;;;;;;;;;;;;;;;;;;;;;;;;;;;;;;;;;;;;;;;;;;;;;;;;;;;;;;;;;;;;;;;;;;;;;;;;;;;;;;;;;;;;;;;;;;;;;;;;;;;;;;;;;;;;;;;;;;;;;;;;;;;;;;;;;;;;;;;;;;;;;;;;;;;;;;;;;;;;;;;;;193.4;192.6;191.9;191.1;190.4;189.6;184.6;179.6;174.6;169.6;164.5;159.3;154.0;148.7
tgo;teen_fertility_rate_births_per_1000_women_ages_15_19;;;;;;;;;;;;;;;;;;;;;;;;;;;;;;;;;;;;;;;;;;;;;;;;;;;;;;;;;;;;;;;;;;;;;;;;;;;;;;;;;;;;;;;;;;;;;;;;;;;;;;;;;;;;;;;;;;;;;;;;;;;;;;;;;;;;;;;;;;;;;;;;;;;;;;;;;;;;;;;;;;;;;;;;;;;;;;;;;;;;;;;;;;;;;;;;;;;;;;;;;;;;;;;;;;;;;;;;;;;;;;;;;;;93.9;90.91;87.91;84.91;81.92;78.92;76.2;73.49;70.77;68.05;65.33;63.13;60.93;58.73
tha;teen_fertility_rate_births_per_1000_women_ages_15_19;;;;;;;;;;;;;;;;;;;;;;;;;;;;;;;;;;;;;;;;;;;;;;;;;;;;;;;;;;;;;;;;;;;;;;;;;;;;;;;;;;;;;;;;;;;;;;;;;;;;;;;;;;;;;;;;;;;;;;;;;;;;;;;;;;;;;;;;;;;;;;;;;;;;;;;;;;;;;;;;;;;;;;;;;;;;;;;;;;;;;;;;;;;;;;;;;;;;;;;;;;;;;;;;;;;;;;;;;;;;;;;;;;;45.75;45.32;44.89;44.46;44.03;43.6;43.55;43.49;43.44;43.39;43.33;42.06;40.78;39.51
tjk;teen_fertility_rate_births_per_1000_women_ages_15_19;;;;;;;;;;;;;;;;;;;;;;;;;;;;;;;;;;;;;;;;;;;;;;;;;;;;;;;;;;;;;;;;;;;;;;;;;;;;;;;;;;;;;;;;;;;;;;;;;;;;;;;;;;;;;;;;;;;;;;;;;;;;;;;;;;;;;;;;;;;;;;;;;;;;;;;;;;;;;;;;;;;;;;;;;;;;;;;;;;;;;;;;;;;;;;;;;;;;;;;;;;;;;;;;;;;;;;;;;;;;40.0;45.7;40.7;52.7;55.5;;;35.78;34.92;34.07;33.21;32.36;31.5;30.88;30.25;29.62;28.99;28.36;27.84;27.31;26.79
tkl;teen_fertility_rate_births_per_1000_women_ages_15_19;;;;;;;;;;;;;;;;;;;;;;;;;;;;;;;;;;;;;;;;;;;;;;;;;;;;;;;;;;;;;;;;;;;;;;;;;;;;;;;;;;;;;;;;;;;;;;;;;;;;;;;;;;;;;;;;;;;;;;;;;;;;;;;;;;;;;;;;;;;;;;;;;;;;;;;;;;;;;;;;;;;;;;;;;;;;;;;;;;;;;;;;;;;;;;;;;;;;;;;;;;;;;;;;;;;;;;;;;;;;;;;;82.5;;;;;45.0;;;;;;;;;;;
tkm;teen_fertility_rate_births_per_1000_women_ages_15_19;;;;;;;;;;;;;;;;;;;;;;;;;;;;;;;;;;;;;;;;;;;;;;;;;;;;;;;;;;;;;;;;;;;;;;;;;;;;;;;;;;;;;;;;;;;;;;;;;;;;;;;;;;;;;;;;;;;;;;;;;;;;;;;;;;;;;;;;;;;;;;;;;;;;;;;;;;;;;;;;;;;;;;;;;;;;;;;;;;;;;;;;;;;;;;;;;;;;;;;;;;;;;;;;;;;;;;;;;;;;24.0;26.0;;;;;;17.76;18.81;19.87;20.92;21.98;23.03;22.33;21.64;20.94;20.24;19.54;19.01;18.47;17.93
tls;teen_fertility_rate_births_per_1000_women_ages_15_19;;;;;;;;;;;;;;;;;;;;;;;;;;;;;;;;;;;;;;;;;;;;;;;;;;;;;;;;;;;;;;;;;;;;;;;;;;;;;;;;;;;;;;;;;;;;;;;;;;;;;;;;;;;;;;;;;;;;;;;;;;;;;;;;;;;;;;;;;;;;;;;;;;;;;;;;;;;;;;;;;;;;;;;;;;;;;;;;;;;;;;;;;;;;;;;;;;;;;;;;;;;;;;;;;;;;;;;;;;;;;;;;;;;71.93;71.56;71.19;70.83;70.46;70.09;69.24;68.38;67.52;66.67;65.81;63.1;60.39;57.67
ton;teen_fertility_rate_births_per_1000_women_ages_15_19;;;;;;;;;;;;;;;;;;;;;;;;;;;;;;;;;;;;;;;;;;;;;;;;;;;;;;;;;;;;;;;;;;;;;;;;;;;;;;;;;;;;;;;;;;;;;;;;;;;;;;;;;;;;;;;;;;;;;;;;;;;;;;;;;;;;;;;;;;;;;;;;;;;;;;;;;;;;;;;;;;;;;;;;;;;;;;;;;;;;;;;;;;;;;;;;;;;;;;;;;;;;;;;;;;;;;;;;;;;;;;;;;;;22.5;22.26;22.01;21.76;21.51;21.27;21.47;21.68;21.89;22.09;22.3;21.44;20.58;19.73
tto;teen_fertility_rate_births_per_1000_women_ages_15_19;;;;;;;;;;;;;;;;;;;;;;;;;;;;;;;;;;;;;;;;;;;;;;;;;;;;;;;;;;;;;;;;;;;;;;;;;;;;;;;;;;;;;;;;;;;;;;;;;;;;;;;;;;;;;;;;;;;;;;;;;;;;;;;;;;;;;;;;;;;;;;;;;;;;;;;;;;;;;;;;;;;;;;;;;;;;;;;;;;;;;;;;;;;;;;;;;;;;;;;;;;;;;;;;;;;;;;;;;;;;58.3;56.2;57.0;50.7;44.4;42.7;;42.08;40.74;39.39;38.05;36.7;35.36;35.23;35.09;34.96;34.83;34.7;34.09;33.48;32.86
tun;teen_fertility_rate_births_per_1000_women_ages_15_19;;;;;;;;;;;;;;;;;;;;;;;;;;;;;;;;;;;;;;;;;;;;;;;;;;;;;;;;;;;;;;;;;;;;;;;;;;;;;;;;;;;;;;;;;;;;;;;;;;;;;;;;;;;;;;;;;;;;;;;;;;;;;;;;;;;;;;;;;;;;;;;;;;;;;;;;;;;;;;;;;;;;;;;;;;;;;;;;;;;;;;;;;;;;;;;;;;;;;;;;;;;;;;;;;;;;;;;;;;;;;;18.2;18.2;15.5;13.6;;8.434;8.052;7.669;7.287000000000001;6.904;6.522;6.353;6.184;6.016;5.847;5.678;5.412999999999999;5.148;4.883
tur;teen_fertility_rate_births_per_1000_women_ages_15_19;;;;;;;;;;;;;;;;;;;;;;;;;;;;;;;;;;;;;;;;;;;;;;;;;;;;;;;;;;;;;;;;;;;;;;;;;;;;;;;;;;;;;;;;;;;;;;;;;;;;;;;;;;;;;;;;;;;;;;;;;;;;;;;;;;;;;;;;;;;;;;;;;;;;;;;;;;;;;;;;;;;;;;;;;;;;;;;;;;;;;;;;;;;;;;;;;;;;;;;;;;;;;;;;;;;;;;;;;;;;;57.0;;;;;61.6;51.99;50.16;48.32;46.49;44.65;42.82;42.09;41.36;40.63;39.9;39.17;37.42;35.68;33.94
tuv;teen_fertility_rate_births_per_1000_women_ages_15_19;;;;;;;;;;;;;;;;;;;;;;;;;;;;;;;;;;;;;;;;;;;;;;;;;;;;;;;;;;;;;;;;;;;;;;;;;;;;;;;;;;;;;;;;;;;;;;;;;;;;;;;;;;;;;;;;;;;;;;;;;;;;;;;;;;;;;;;;;;;;;;;;;;;;;;;;;;;;;;;;;;;;;;;;;;;;;;;;;;;;;;;;;;;;;;;;;;;;;;;;;;;;;;;;;;;;;;;;;;;;;41.3;31.7;25.5;41.5;19.1;18.5;36.1;42.0;42.3;48.9;43.7;24.9;43.7;;27.5;;;;;
twn;teen_fertility_rate_births_per_1000_women_ages_15_19;;;;;;;;;;;;;;;;;;;;;;;;;;;;;;;;;;;;;;;;;;;;;;;;;;;;;;;;;;;;;;;;;;;;;;;;;;;;;;;;;;;;;;;;;;;;;;;;;;;;;;;;;;;;;;;;;;;;;;;;;;;;;;;;;;;;;;;;;;;;116.8;;;;;;;;;;108.5;;;;;;;;;;119.3;;;;;;;;;;91.31;;;;;;;;;61.0;61.0;68.0;53.0;48.0;48.0;50.0;51.0;45.0;43.0;46.0;48.0;45.0;45.0;41.0;37.0;36.0;40.0;39.0;41.0;40.0;40.0;36.0;35.0;33.0;32.0;34.0;38.0;37.0;36.0;35.0;33.0;31.0;29.0;26.0;23.0;19.0;18.0;16.0;16.0;16.0;17.0;17.0;17.0;17.0;17.0;17.0;17.0;15.0;14.0;13.0;14.0;13.0;13.0;11.0;10.0;8.0;7.0;6.0;5.0;4.0;4.0
tza;teen_fertility_rate_births_per_1000_women_ages_15_19;;;;;;;;;;;;;;;;;;;;;;;;;;;;;;;;;;;;;;;;;;;;;;;;;;;;;;;;;;;;;;;;;;;;;;;;;;;;;;;;;;;;;;;;;;;;;;;;;;;;;;;;;;;;;;;;;;;;;;;;;;;;;;;;;;;;;;;;;;;;;;;;;;;;;;;;;;;;;;;;;;;;;;;;;;;;;;;;;;;;;;;;;;;;;;;;;;;;;;;;;;;;;;;;;;;;;;;;;;;;144.0;;;;129.6;;;133.3;133.0;132.8;132.5;132.2;132.0;131.7;131.4;131.1;130.7;130.4;130.1;129.7;129.4
uga;teen_fertility_rate_births_per_1000_women_ages_15_19;;;;;;;;;;;;;;;;;;;;;;;;;;;;;;;;;;;;;;;;;;;;;;;;;;;;;;;;;;;;;;;;;;;;;;;;;;;;;;;;;;;;;;;;;;;;;;;;;;;;;;;;;;;;;;;;;;;;;;;;;;;;;;;;;;;;;;;;;;;;;;;;;;;;;;;;;;;;;;;;;;;;;;;;;;;;;;;;;;;;;;;;;;;;;;;;;;;;;;;;;;;;;;;;;;;;;;;;;;;;;;;;;;;191.0;187.3;183.6;179.9;176.2;172.5;168.0;163.5;159.0;154.5;149.9;145.2;140.5;135.8
ukr;teen_fertility_rate_births_per_1000_women_ages_15_19;;;;;;;;;;;;;;;;;;;;;;;;;;;;;;;;;;;;;;;;;;;;;;;;;;;;;;;;;;;;;;;;;;;;;;;;;;;;;;;;;;;;;;;;;;;;;;;;;;;;;;;;;;;;;;;;;;;;;;;;;;;;;;;;;;;;;;;;;;;;;;;;;;;;;;;;;;;;;;;;;;;;;;;;;;;;;;;;;;;;;;;;;;;;;25.1;27.2;29.91;30.94;32.61;30.0;28.73;30.01;30.69;32.67;30.93;35.1;36.36;38.03;37.93;40.45;41.33;43.79;42.85;44.86;45.9;47.7;45.19;46.93;49.11;51.48;51.66;53.45;53.85;56.88;57.14;59.83;60.25;60.39;58.26;56.54;54.8;51.81;46.8;42.28;35.98;33.0;29.84;29.1;28.31;28.58;27.19;27.7;30.09;31.82;;28.57
ury;teen_fertility_rate_births_per_1000_women_ages_15_19;;;;;;;;;;;;;;;;;;;;;;;;;;;;;;;;;;;;;;;;;;;;;;;;;;;;;;;;;;;;;;;;;;;;;;;;;;;;;;;;;;;;;;;;;;;;;;;;;;;;;;;;;;;;;;;;;;;;;;;;;;;;;;;;;;;;;;;;;;;;;;;;;;;;;;;;;;;;;;;;;;;;;;;;;;;;;;;;;;;;;;59.5;;;;;61.7;;;;;63.2;;;;;61.0;;;;;65.4;;;;;71.0;;;;;62.6;;;;;66.4;;;;;70.5;;;;;67.3;66.54;65.78;65.02;64.26;63.5;63.02;62.54;62.06;61.58;61.1;60.69;60.27;59.86
usa;teen_fertility_rate_births_per_1000_women_ages_15_19;;;;;;;;;;;;;;;;;;;;;;;;;;;;;;;;;;;;;;;;;;;;;;;;;;;;;;;;;;;;;;;;;;;;;;;;;;;;;;;;;;;;;;;;;;;;;;;;;;;;;;;;;;;;;;;;;;;;;;;;;;;;;;;;;;;;;;;;;;;;;;;;;;;;;;;;;;;;;;;;;;;43.38;45.76;46.13;45.6;47.77;49.32;48.4;49.04;51.73;56.17;57.14;50.67;47.95;55.83;74.96;77.32;79.05;78.43;84.75;84.43;87.55;90.12;90.33;95.31;98.04;95.87;94.37;91.98;89.48;85.34;82.44;78.41;73.16;70.29;67.96;66.59;66.6;68.89;65.32;62.45;59.85;57.87;55.68;52.77;52.6;51.09;51.73;52.22;50.82;50.74;49.79;49.43;50.46;50.15;50.11;51.56;55.1;58.36;60.59;59.78;59.01;58.45;56.61;53.92;50.53;49.04;47.55;46.07;44.58;43.1;42.71;42.33;41.95;41.56;41.18;38.42;35.66;32.9
uzb;teen_fertility_rate_births_per_1000_women_ages_15_19;;;;;;;;;;;;;;;;;;;;;;;;;;;;;;;;;;;;;;;;;;;;;;;;;;;;;;;;;;;;;;;;;;;;;;;;;;;;;;;;;;;;;;;;;;;;;;;;;;;;;;;;;;;;;;;;;;;;;;;;;;;;;;;;;;;;;;;;;;;;;;;;;;;;;;;;;;;;;;;;;;;;;;;;;;;;;;;;;;;;;;;;;;;;;;;;;;;;;;;;;;;;;;;;;;;;;;;;;;;;44.0;;;67.3;64.3;58.7;56.0;41.48;36.05;30.62;25.19;19.76;14.33;14.22;14.12;14.01;13.9;13.8;13.59;13.39;13.18
vct;teen_fertility_rate_births_per_1000_women_ages_15_19;;;;;;;;;;;;;;;;;;;;;;;;;;;;;;;;;;;;;;;;;;;;;;;;;;;;;;;;;;;;;;;;;;;;;;;;;;;;;;;;;;;;;;;;;;;;;;;;;;;;;;;;;;;;;;;;;;;;;;;;;;;;;;;;;;;;;;;;;;;;;;;;;;;;;;;;;;;;;;;;;;;;;;;;;;;;;;;;;;;;;;;;;;;;;;;;;;;;;;;;;;;;;;;;;;;;;;;;;;;;;98.6;95.5;93.4;94.3;91.7;80.4;76.14;73.84;71.53;69.22;66.91;64.61;63.47;62.33;61.2;60.06;58.93;57.97;57.02;56.06
ven;teen_fertility_rate_births_per_1000_women_ages_15_19;;;;;;;;;;;;;;;;;;;;;;;;;;;;;;;;;;;;;;;;;;;;;;;;;;;;;;;;;;;;;;;;;;;;;;;;;;;;;;;;;;;;;;;;;;;;;;;;;;;;;;;;;;;;;;;;;;;;;;;;;;;;;;;;;;;;;;;;;;;;;;;;;;;;;;;;;;;;;;;;;;;;;;;;;;;;;;;;;;;;;;126.8;;;;;126.8;;;;;133.0;;;;;121.9;;;;;102.6;;;;;102.3;;;;;101.0;;;;;103.7;;;;;101.4;;;;;94.1;93.7;93.3;92.9;92.5;92.1;91.66;91.22;90.78;90.34;89.9;89.39;88.87;88.36
vgb;teen_fertility_rate_births_per_1000_women_ages_15_19;;;;;;;;;;;;;;;;;;;;;;;;;;;;;;;;;;;;;;;;;;;;;;;;;;;;;;;;;;;;;;;;;;;;;;;;;;;;;;;;;;;;;;;;;;;;;;;;;;;;;;;;;;;;;;;;;;;;;;;;;;;;;;;;;;;;;;;;;;;;;;;;;;;;;;;;;;;;;;;;;;;;;;;;;;;;;;;;;;;;;;;;;;;;;;;;;;;;;;;;;;;;;;;;;;;;;;;;;;;;28.4;45.6;53.5;47.3;37.7;;;46.7;39.0;51.8;45.6;33.9;35.8;32.8;40.0;28.8;25.0;27.4;;;
vir;teen_fertility_rate_births_per_1000_women_ages_15_19;;;;;;;;;;;;;;;;;;;;;;;;;;;;;;;;;;;;;;;;;;;;;;;;;;;;;;;;;;;;;;;;;;;;;;;;;;;;;;;;;;;;;;;;;;;;;;;;;;;;;;;;;;;;;;;;;;;;;;;;;;;;;;;;;;;;;;;;;;;;;;;;;;;;;;;;;;;;;;;;;;;;;;;;;;;;;;;;;;;;;;;;;;;;;;;;;;;;;;;;;;;;;;;;;;;;;;;;;;;;;;;;;;;51.85;49.01;46.16;43.31;40.47;37.62;35.94;34.25;32.57;30.88;29.19;27.62;26.06;24.49
vnm;teen_fertility_rate_births_per_1000_women_ages_15_19;;;;;;;;;;;;;;;;;;;;;;;;;;;;;;;;;;;;;;;;;;;;;;;;;;;;;;;;;;;;;;;;;;;;;;;;;;;;;;;;;;;;;;;;;;;;;;;;;;;;;;;;;;;;;;;;;;;;;;;;;;;;;;;;;;;;;;;;;;;;;;;;;;;;;;;;;;;;;;;;;;;;;;;;;;;;;;;;;;;;;;;;;;;;;;;;;;;;;;;;;;;;;;;;;;;;;;;;;;;;;38.0;;38.6;;35.6;;27.09;26.83;26.56;26.3;26.03;25.77;25.98;26.2;26.42;26.63;26.85;26.02;25.18;24.35
vut;teen_fertility_rate_births_per_1000_women_ages_15_19;;;;;;;;;;;;;;;;;;;;;;;;;;;;;;;;;;;;;;;;;;;;;;;;;;;;;;;;;;;;;;;;;;;;;;;;;;;;;;;;;;;;;;;;;;;;;;;;;;;;;;;;;;;;;;;;;;;;;;;;;;;;;;;;;;;;;;;;;;;;;;;;;;;;;;;;;;;;;;;;;;;;;;;;;;;;;;;;;;;;;;;;;;;;;;;;;;;;;;;;;;;;;;;;;;;;;;;;;;;;;;;;;;;61.97;61.18;60.4;59.62;58.83;58.05;57.24;56.43;55.62;54.81;54.0;53.32;52.65;51.97
wlf;teen_fertility_rate_births_per_1000_women_ages_15_19;;;;;;;;;;;;;;;;;;;;;;;;;;;;;;;;;;;;;;;;;;;;;;;;;;;;;;;;;;;;;;;;;;;;;;;;;;;;;;;;;;;;;;;;;;;;;;;;;;;;;;;;;;;;;;;;;;;;;;;;;;;;;;;;;;;;;;;;;;;;;;;;;;;;;;;;;;;;;;;;;;;;;;;;;;;;;;;;;;;;;;;;;;;;;;;;;;;;;;;;;;;;;;;;;;;;;;;;;;;;;;;;;;18.3;12.4;14.0;18.0;18.2;10.8;8.5;11.0;14.8;13.0;9.4;17.9;12.5;;
wsm;teen_fertility_rate_births_per_1000_women_ages_15_19;;;;;;;;;;;;;;;;;;;;;;;;;;;;;;;;;;;;;;;;;;;;;;;;;;;;;;;;;;;;;;;;;;;;;;;;;;;;;;;;;;;;;;;;;;;;;;;;;;;;;;;;;;;;;;;;;;;;;;;;;;;;;;;;;;;;;;;;;;;;;;;;;;;;;;;;;;;;;;;;;;;;;;;;;;;;;;;;;;;;;;;;;;;;;;;;;;;;;;;;;;;;;;;;;;;;;;;;;;;;;;;;;;;45.44;43.72;42.0;40.27;38.55;36.83;35.12;33.41;31.7;30.0;28.29;27.74;27.18;26.63
yem;teen_fertility_rate_births_per_1000_women_ages_15_19;;;;;;;;;;;;;;;;;;;;;;;;;;;;;;;;;;;;;;;;;;;;;;;;;;;;;;;;;;;;;;;;;;;;;;;;;;;;;;;;;;;;;;;;;;;;;;;;;;;;;;;;;;;;;;;;;;;;;;;;;;;;;;;;;;;;;;;;;;;;;;;;;;;;;;;;;;;;;;;;;;;;;;;;;;;;;;;;;;;;;;;;;;;;;;;;;;;;;;;;;;;;;;;;;;;;;;;;;;;;;;;;;;;109.1;105.5;101.9;98.36;94.79;91.23;88.75;86.28;83.8;81.32;78.84;76.29;73.73;71.18
zaf;teen_fertility_rate_births_per_1000_women_ages_15_19;;;;;;;;;;;;;;;;;;;;;;;;;;;;;;;;;;;;;;;;;;;;;;;;;;;;;;;;;;;;;;;;;;;;;;;;;;;;;;;;;;;;;;;;;;;;;;;;;;;;;;;;;;;;;;;;;;;;;;;;;;;;;;;;;;;;;;;;;;;;;;;;;;;;;;;;;;;;;;;;;;;;;;;;;;;;;;;;;;;;;;;;;;;;;;;;;;;;;;;;;;;;;;;;;;;;;;;;;;;;;;;;;;;80.58;78.61;76.64;74.67;72.69;70.72;68.41;66.1;63.78;61.47;59.16;57.41;55.67;53.92
zmb;teen_fertility_rate_births_per_1000_women_ages_15_19;;;;;;;;;;;;;;;;;;;;;;;;;;;;;;;;;;;;;;;;;;;;;;;;;;;;;;;;;;;;;;;;;;;;;;;;;;;;;;;;;;;;;;;;;;;;;;;;;;;;;;;;;;;;;;;;;;;;;;;;;;;;;;;;;;;;;;;;;;;;;;;;;;;;;;;;;;;;;;;;;;;;;;;;;;;;;;;;;;;;;;;;;;;;;;;;;;;;;;;;;;;;;;;;;;;;;;;;;;;;156.0;;;;155.6;;;143.1;146.4;149.7;153.0;156.3;159.6;157.0;154.5;151.9;149.4;146.8;145.2;143.5;141.8
zwe;teen_fertility_rate_births_per_1000_women_ages_15_19;;;;;;;;;;;;;;;;;;;;;;;;;;;;;;;;;;;;;;;;;;;;;;;;;;;;;;;;;;;;;;;;;;;;;;;;;;;;;;;;;;;;;;;;;;;;;;;;;;;;;;;;;;;;;;;;;;;;;;;;;;;;;;;;;;;;;;;;;;;;;;;;;;;;;;;;;;;;;;;;;;;;;;;;;;;;;;;;;;;;;;;;;;;;;;;;;;;;;;;;;;;;;;;;;;;;;;;;;;;;;;;;;;;106.3;100.1;93.84;87.61;81.38;75.15;73.05;70.94;68.83;66.72;64.61;62.36;60.11;57.86
